feature,model,Train-C-index,Internal-Val-C-index,External-Val-C-index,Mean-Val-C-index
CoxPH,CoxPH,0.8766603415559773,0.8411764705882353,0.5078125,0.6744944852941177
CoxPH,RSF,0.9184060721062619,0.7588235294117647,0.7578125,0.7583180147058823
CoxPH,GBSA,0.9943074003795066,0.8117647058823529,0.7421875,0.7769761029411765
CoxPH,DeepSurv,0.7941176470588235,0.5529411764705883,0.6328125,0.5928768382352941
CoxPH,DeepHit,0.8851992409867173,0.7470588235294118,0.65625,0.7016544117647059
CoxPH,NMTLR,0.9459203036053131,0.7294117647058823,0.4921875,0.6107996323529412
CoxPH,svm,0.9174573055028463,0.7588235294117647,0.6328125,0.6958180147058823
CoxPH,"['CoxPH', 'RSF']",0.9184060721062619,0.7588235294117647,0.7578125,0.7583180147058823
CoxPH,"['CoxPH', 'GBSA']",0.99146110056926,0.8117647058823529,0.71875,0.7652573529411765
CoxPH,"['CoxPH', 'DeepSurv']",0.8130929791271347,0.6058823529411764,0.625,0.6154411764705883
CoxPH,"['CoxPH', 'DeepHit']",0.14041745730550284,0.25882352941176473,0.3203125,0.28956801470588234
CoxPH,"['CoxPH', 'NMTLR']",0.2836812144212524,0.3764705882352941,0.40625,0.39136029411764706
CoxPH,"['CoxPH', 'svm']",0.9184060721062619,0.7588235294117647,0.6328125,0.6958180147058823
CoxPH,"['RSF', 'GBSA']",0.9506641366223909,0.7588235294117647,0.7421875,0.7505055147058823
CoxPH,"['RSF', 'DeepSurv']",0.9174573055028463,0.7411764705882353,0.765625,0.7534007352941177
CoxPH,"['RSF', 'DeepHit']",0.9013282732447818,0.7176470588235294,0.7421875,0.7299172794117648
CoxPH,"['RSF', 'NMTLR']",0.8406072106261859,0.7058823529411765,0.75,0.7279411764705883
CoxPH,"['RSF', 'svm']",0.928842504743833,0.7529411764705882,0.7265625,0.7397518382352941
CoxPH,"['GBSA', 'DeepSurv']",0.8804554079696395,0.8,0.6484375,0.72421875
CoxPH,"['GBSA', 'DeepHit']",0.7713472485768501,0.6352941176470588,0.6484375,0.6418658088235294
CoxPH,"['GBSA', 'NMTLR']",0.7703984819734345,0.7235294117647059,0.6015625,0.662545955882353
CoxPH,"['GBSA', 'svm']",0.9905123339658444,0.8,0.6640625,0.73203125
CoxPH,"['DeepSurv', 'DeepHit']",0.7514231499051234,0.6941176470588235,0.5390625,0.6165900735294118
CoxPH,"['DeepSurv', 'NMTLR']",0.6888045540796964,0.49411764705882355,0.609375,0.5517463235294118
CoxPH,"['DeepSurv', 'svm']",0.872865275142315,0.7352941176470589,0.6484375,0.6918658088235294
CoxPH,"['DeepHit', 'NMTLR']",0.15654648956356737,0.25882352941176473,0.3671875,0.31300551470588234
CoxPH,"['DeepHit', 'svm']",0.6499051233396584,0.6941176470588235,0.609375,0.6517463235294118
CoxPH,"['NMTLR', 'svm']",0.22296015180265655,0.5352941176470588,0.4765625,0.5059283088235293
CoxPH,"['CoxPH', 'RSF', 'GBSA']",0.952561669829222,0.7588235294117647,0.734375,0.7465992647058823
CoxPH,"['CoxPH', 'RSF', 'DeepSurv']",0.9136622390891841,0.7588235294117647,0.7578125,0.7583180147058823
CoxPH,"['CoxPH', 'RSF', 'DeepHit']",0.7827324478178368,0.6411764705882353,0.78125,0.7112132352941176
CoxPH,"['CoxPH', 'RSF', 'NMTLR']",0.961100569259962,0.7941176470588235,0.71875,0.7564338235294117
CoxPH,"['CoxPH', 'RSF', 'svm']",0.9297912713472486,0.7705882352941177,0.734375,0.7524816176470588
CoxPH,"['CoxPH', 'GBSA', 'DeepSurv']",0.9193548387096774,0.7470588235294118,0.640625,0.6938419117647059
CoxPH,"['CoxPH', 'GBSA', 'DeepHit']",0.7182163187855788,0.6058823529411764,0.609375,0.6076286764705883
CoxPH,"['CoxPH', 'GBSA', 'NMTLR']",0.8339658444022771,0.7294117647058823,0.6015625,0.6654871323529412
CoxPH,"['CoxPH', 'GBSA', 'svm']",0.9895635673624289,0.8058823529411765,0.65625,0.7310661764705882
CoxPH,"['CoxPH', 'DeepSurv', 'DeepHit']",0.24667931688804554,0.2647058823529412,0.3203125,0.29250919117647056
CoxPH,"['CoxPH', 'DeepSurv', 'NMTLR']",0.29127134724857684,0.34705882352941175,0.40625,0.3766544117647059
CoxPH,"['CoxPH', 'DeepSurv', 'svm']",0.8975332068311196,0.7647058823529411,0.625,0.6948529411764706
CoxPH,"['CoxPH', 'DeepHit', 'NMTLR']",0.15844402277039848,0.2647058823529412,0.28125,0.27297794117647056
CoxPH,"['CoxPH', 'DeepHit', 'svm']",0.8747628083491461,0.7647058823529411,0.625,0.6948529411764706
CoxPH,"['CoxPH', 'NMTLR', 'svm']",0.9440227703984819,0.7823529411764706,0.6484375,0.7153952205882352
CoxPH,"['RSF', 'GBSA', 'DeepSurv']",0.9174573055028463,0.7294117647058823,0.671875,0.7006433823529412
CoxPH,"['RSF', 'GBSA', 'DeepHit']",0.8842504743833017,0.711764705882353,0.7421875,0.7269761029411765
CoxPH,"['RSF', 'GBSA', 'NMTLR']",0.9544592030360531,0.7588235294117647,0.75,0.7544117647058823
CoxPH,"['RSF', 'GBSA', 'svm']",0.9582542694497154,0.7823529411764706,0.71875,0.7505514705882352
CoxPH,"['RSF', 'DeepSurv', 'DeepHit']",0.8519924098671727,0.7235294117647059,0.765625,0.744577205882353
CoxPH,"['RSF', 'DeepSurv', 'NMTLR']",0.8481973434535104,0.7,0.7265625,0.71328125
CoxPH,"['RSF', 'DeepSurv', 'svm']",0.9117647058823529,0.7529411764705882,0.71875,0.7358455882352941
CoxPH,"['RSF', 'DeepHit', 'NMTLR']",0.6233396584440227,0.6529411764705882,0.7265625,0.6897518382352941
CoxPH,"['RSF', 'DeepHit', 'svm']",0.8349146110056926,0.711764705882353,0.7578125,0.7347886029411765
CoxPH,"['RSF', 'NMTLR', 'svm']",0.9601518026565465,0.788235294117647,0.734375,0.7613051470588235
CoxPH,"['GBSA', 'DeepSurv', 'DeepHit']",0.7058823529411765,0.5529411764705883,0.609375,0.5811580882352941
CoxPH,"['GBSA', 'DeepSurv', 'NMTLR']",0.967741935483871,0.8058823529411765,0.734375,0.7701286764705882
CoxPH,"['GBSA', 'DeepSurv', 'svm']",0.952561669829222,0.7647058823529411,0.65625,0.7104779411764706
CoxPH,"['GBSA', 'DeepHit', 'NMTLR']",0.9800759013282733,0.8,0.7421875,0.77109375
CoxPH,"['GBSA', 'DeepHit', 'svm']",0.9867172675521821,0.7705882352941177,0.6796875,0.7251378676470588
CoxPH,"['GBSA', 'NMTLR', 'svm']",0.99146110056926,0.8,0.65625,0.728125
CoxPH,"['DeepSurv', 'DeepHit', 'NMTLR']",0.3187855787476281,0.3235294117647059,0.515625,0.4195772058823529
CoxPH,"['DeepSurv', 'DeepHit', 'svm']",0.7979127134724858,0.6529411764705882,0.6171875,0.6350643382352941
CoxPH,"['DeepSurv', 'NMTLR', 'svm']",0.31309297912713474,0.6058823529411764,0.484375,0.5451286764705883
CoxPH,"['DeepHit', 'NMTLR', 'svm']",0.11954459203036052,0.3941176470588235,0.3046875,0.34940257352941173
CoxPH,"['CoxPH', 'RSF', 'GBSA', 'DeepSurv']",0.9383301707779886,0.7411764705882353,0.71875,0.7299632352941177
CoxPH,"['CoxPH', 'RSF', 'GBSA', 'DeepHit']",0.9487666034155597,0.7058823529411765,0.734375,0.7201286764705883
CoxPH,"['CoxPH', 'RSF', 'GBSA', 'NMTLR']",0.9022770398481973,0.7235294117647059,0.7578125,0.740670955882353
CoxPH,"['CoxPH', 'RSF', 'GBSA', 'svm']",0.9563567362428842,0.7705882352941177,0.71875,0.7446691176470588
CoxPH,"['CoxPH', 'RSF', 'DeepSurv', 'DeepHit']",0.7666034155597723,0.6352941176470588,0.765625,0.7004595588235294
CoxPH,"['CoxPH', 'RSF', 'DeepSurv', 'NMTLR']",0.8510436432637571,0.7,0.703125,0.7015625
CoxPH,"['CoxPH', 'RSF', 'DeepSurv', 'svm']",0.9316888045540797,0.7764705882352941,0.734375,0.755422794117647
CoxPH,"['CoxPH', 'RSF', 'DeepHit', 'NMTLR']",0.6916508538899431,0.6470588235294118,0.75,0.6985294117647058
CoxPH,"['CoxPH', 'RSF', 'DeepHit', 'svm']",0.926944971537002,0.7588235294117647,0.734375,0.7465992647058823
CoxPH,"['CoxPH', 'RSF', 'NMTLR', 'svm']",0.9032258064516129,0.7588235294117647,0.7421875,0.7505055147058823
CoxPH,"['CoxPH', 'GBSA', 'DeepSurv', 'DeepHit']",0.9212523719165086,0.7529411764705882,0.6796875,0.7163143382352941
CoxPH,"['CoxPH', 'GBSA', 'DeepSurv', 'NMTLR']",0.9800759013282733,0.8352941176470589,0.6953125,0.7653033088235295
CoxPH,"['CoxPH', 'GBSA', 'DeepSurv', 'svm']",0.9297912713472486,0.7529411764705882,0.6328125,0.6928768382352941
CoxPH,"['CoxPH', 'GBSA', 'DeepHit', 'NMTLR']",0.9905123339658444,0.8470588235294118,0.671875,0.7594669117647059
CoxPH,"['CoxPH', 'GBSA', 'DeepHit', 'svm']",0.9231499051233396,0.7058823529411765,0.625,0.6654411764705883
CoxPH,"['CoxPH', 'GBSA', 'NMTLR', 'svm']",0.9886148007590133,0.8,0.65625,0.728125
CoxPH,"['CoxPH', 'DeepSurv', 'DeepHit', 'NMTLR']",0.7049335863377609,0.7,0.53125,0.615625
CoxPH,"['CoxPH', 'DeepSurv', 'DeepHit', 'svm']",0.6148007590132827,0.7235294117647059,0.5703125,0.646920955882353
CoxPH,"['CoxPH', 'DeepSurv', 'NMTLR', 'svm']",0.6299810246679317,0.6352941176470588,0.6015625,0.6184283088235294
CoxPH,"['CoxPH', 'DeepHit', 'NMTLR', 'svm']",0.3368121442125237,0.48823529411764705,0.40625,0.44724264705882355
CoxPH,"['RSF', 'GBSA', 'DeepSurv', 'DeepHit']",0.8624288425047438,0.7176470588235294,0.7578125,0.7377297794117648
CoxPH,"['RSF', 'GBSA', 'DeepSurv', 'NMTLR']",0.9743833017077799,0.8058823529411765,0.71875,0.7623161764705882
CoxPH,"['RSF', 'GBSA', 'DeepSurv', 'svm']",0.926944971537002,0.7470588235294118,0.6640625,0.7055606617647059
CoxPH,"['RSF', 'GBSA', 'DeepHit', 'NMTLR']",0.8121442125237192,0.6941176470588235,0.734375,0.7142463235294118
CoxPH,"['RSF', 'GBSA', 'DeepHit', 'svm']",0.9402277039848197,0.7411764705882353,0.7578125,0.7494944852941177
CoxPH,"['RSF', 'GBSA', 'NMTLR', 'svm']",0.9421252371916509,0.7588235294117647,0.734375,0.7465992647058823
CoxPH,"['RSF', 'DeepSurv', 'DeepHit', 'NMTLR']",0.8434535104364327,0.6823529411764706,0.6640625,0.6732077205882353
CoxPH,"['RSF', 'DeepSurv', 'DeepHit', 'svm']",0.8889943074003795,0.7176470588235294,0.765625,0.7416360294117648
CoxPH,"['RSF', 'DeepSurv', 'NMTLR', 'svm']",0.8595825426944972,0.7352941176470589,0.7421875,0.7387408088235294
CoxPH,"['RSF', 'DeepHit', 'NMTLR', 'svm']",0.5759013282732448,0.6294117647058823,0.671875,0.6506433823529412
CoxPH,"['GBSA', 'DeepSurv', 'DeepHit', 'NMTLR']",0.6242884250474383,0.7176470588235294,0.5625,0.6400735294117648
CoxPH,"['GBSA', 'DeepSurv', 'DeepHit', 'svm']",0.9402277039848197,0.7529411764705882,0.6484375,0.7006893382352941
CoxPH,"['GBSA', 'DeepSurv', 'NMTLR', 'svm']",0.8766603415559773,0.711764705882353,0.6640625,0.6879136029411765
CoxPH,"['GBSA', 'DeepHit', 'NMTLR', 'svm']",0.8690702087286527,0.7235294117647059,0.640625,0.682077205882353
CoxPH,"['DeepSurv', 'DeepHit', 'NMTLR', 'svm']",0.952561669829222,0.7588235294117647,0.625,0.6919117647058823
CoxPH,"['CoxPH', 'RSF', 'GBSA', 'DeepSurv', 'DeepHit']",0.9449715370018975,0.711764705882353,0.734375,0.7230698529411765
CoxPH,"['CoxPH', 'RSF', 'GBSA', 'DeepSurv', 'NMTLR']",0.9544592030360531,0.7411764705882353,0.7578125,0.7494944852941177
CoxPH,"['CoxPH', 'RSF', 'GBSA', 'DeepSurv', 'svm']",0.9506641366223909,0.7705882352941177,0.7109375,0.7407628676470588
CoxPH,"['CoxPH', 'RSF', 'GBSA', 'DeepHit', 'NMTLR']",0.7732447817836812,0.6705882352941176,0.7421875,0.7063878676470587
CoxPH,"['CoxPH', 'RSF', 'GBSA', 'DeepHit', 'svm']",0.961100569259962,0.7764705882352941,0.7109375,0.743704044117647
CoxPH,"['CoxPH', 'RSF', 'GBSA', 'NMTLR', 'svm']",0.8785578747628083,0.7235294117647059,0.7421875,0.732858455882353
CoxPH,"['CoxPH', 'RSF', 'DeepSurv', 'DeepHit', 'NMTLR']",0.6869070208728653,0.6764705882352942,0.71875,0.6976102941176471
CoxPH,"['CoxPH', 'RSF', 'DeepSurv', 'DeepHit', 'svm']",0.9364326375711575,0.7941176470588235,0.75,0.7720588235294117
CoxPH,"['CoxPH', 'RSF', 'DeepSurv', 'NMTLR', 'svm']",0.7324478178368121,0.6823529411764706,0.6953125,0.6888327205882353
CoxPH,"['CoxPH', 'RSF', 'DeepHit', 'NMTLR', 'svm']",0.8007590132827325,0.7058823529411765,0.734375,0.7201286764705883
CoxPH,"['CoxPH', 'GBSA', 'DeepSurv', 'DeepHit', 'NMTLR']",0.872865275142315,0.7176470588235294,0.671875,0.6947610294117648
CoxPH,"['CoxPH', 'GBSA', 'DeepSurv', 'DeepHit', 'svm']",0.8586337760910816,0.6647058823529411,0.625,0.6448529411764705
CoxPH,"['CoxPH', 'GBSA', 'DeepSurv', 'NMTLR', 'svm']",0.5929791271347249,0.7176470588235294,0.5078125,0.6127297794117648
CoxPH,"['CoxPH', 'GBSA', 'DeepHit', 'NMTLR', 'svm']",0.523719165085389,0.6411764705882353,0.4921875,0.5666819852941176
CoxPH,"['CoxPH', 'DeepSurv', 'DeepHit', 'NMTLR', 'svm']",0.4810246679316888,0.6176470588235294,0.5625,0.5900735294117647
CoxPH,"['RSF', 'GBSA', 'DeepSurv', 'DeepHit', 'NMTLR']",0.7741935483870968,0.6823529411764706,0.7578125,0.7200827205882353
CoxPH,"['RSF', 'GBSA', 'DeepSurv', 'DeepHit', 'svm']",0.928842504743833,0.7411764705882353,0.765625,0.7534007352941177
CoxPH,"['RSF', 'GBSA', 'DeepSurv', 'NMTLR', 'svm']",0.9098671726755219,0.7470588235294118,0.71875,0.7329044117647059
CoxPH,"['RSF', 'GBSA', 'DeepHit', 'NMTLR', 'svm']",0.8377609108159393,0.711764705882353,0.7578125,0.7347886029411765
CoxPH,"['RSF', 'DeepSurv', 'DeepHit', 'NMTLR', 'svm']",0.7277039848197343,0.6882352941176471,0.7265625,0.7073988970588235
CoxPH,"['GBSA', 'DeepSurv', 'DeepHit', 'NMTLR', 'svm']",0.8927893738140418,0.7058823529411765,0.6796875,0.6927849264705883
CoxPH,"['CoxPH', 'RSF', 'GBSA', 'DeepSurv', 'DeepHit', 'NMTLR']",0.8368121442125237,0.6823529411764706,0.75,0.7161764705882353
CoxPH,"['CoxPH', 'RSF', 'GBSA', 'DeepSurv', 'DeepHit', 'svm']",0.967741935483871,0.7764705882352941,0.734375,0.755422794117647
CoxPH,"['CoxPH', 'RSF', 'GBSA', 'DeepSurv', 'NMTLR', 'svm']",0.9516129032258065,0.7470588235294118,0.7265625,0.7368106617647059
CoxPH,"['CoxPH', 'RSF', 'GBSA', 'DeepHit', 'NMTLR', 'svm']",0.9165085388994307,0.7352941176470589,0.7734375,0.7543658088235294
CoxPH,"['CoxPH', 'RSF', 'DeepSurv', 'DeepHit', 'NMTLR', 'svm']",0.4117647058823529,0.6529411764705882,0.6015625,0.6272518382352941
CoxPH,"['CoxPH', 'GBSA', 'DeepSurv', 'DeepHit', 'NMTLR', 'svm']",0.9003795066413662,0.7588235294117647,0.6875,0.7231617647058823
CoxPH,"['RSF', 'GBSA', 'DeepSurv', 'DeepHit', 'NMTLR', 'svm']",0.8652751423149905,0.7294117647058823,0.78125,0.7553308823529412
CoxPH,"['CoxPH', 'RSF', 'GBSA', 'DeepSurv', 'DeepHit', 'NMTLR', 'svm']",0.849146110056926,0.7058823529411765,0.75,0.7279411764705883
DeepSurv,CoxPH,0.8709677419354839,0.7529411764705882,0.578125,0.6655330882352941
DeepSurv,RSF,0.8709677419354839,0.6882352941176471,0.703125,0.6956801470588235
DeepSurv,GBSA,0.9990512333965844,0.5705882352941176,0.60546875,0.5880284926470588
DeepSurv,DeepSurv,0.8358633776091081,0.711764705882353,0.53125,0.6215073529411765
DeepSurv,DeepHit,0.9032258064516129,0.6352941176470588,0.5859375,0.6106158088235294
DeepSurv,NMTLR,0.9497153700189753,0.711764705882353,0.578125,0.6449448529411765
DeepSurv,svm,0.9127134724857685,0.6882352941176471,0.65625,0.6722426470588235
DeepSurv,"['CoxPH', 'RSF']",0.8130929791271347,0.6823529411764706,0.71875,0.7005514705882353
DeepSurv,"['CoxPH', 'GBSA']",0.9117647058823529,0.5705882352941176,0.6171875,0.5938878676470588
DeepSurv,"['CoxPH', 'DeepSurv']",0.43927893738140417,0.6470588235294118,0.625,0.6360294117647058
DeepSurv,"['CoxPH', 'DeepHit']",0.4250474383301708,0.611764705882353,0.5703125,0.5910386029411765
DeepSurv,"['CoxPH', 'NMTLR']",0.04079696394686907,0.3,0.4140625,0.35703125
DeepSurv,"['CoxPH', 'svm']",0.35958254269449713,0.6470588235294118,0.6015625,0.6243106617647058
DeepSurv,"['RSF', 'GBSA']",0.9345351043643264,0.6529411764705882,0.6796875,0.6663143382352941
DeepSurv,"['RSF', 'DeepSurv']",0.8624288425047438,0.6941176470588235,0.6875,0.6908088235294118
DeepSurv,"['RSF', 'DeepHit']",0.793168880455408,0.6529411764705882,0.6640625,0.6585018382352941
DeepSurv,"['RSF', 'NMTLR']",0.7751423149905123,0.6764705882352942,0.7109375,0.6937040441176471
DeepSurv,"['RSF', 'svm']",0.8700189753320683,0.6882352941176471,0.703125,0.6956801470588235
DeepSurv,"['GBSA', 'DeepSurv']",0.9705882352941176,0.5764705882352941,0.5859375,0.581204044117647
DeepSurv,"['GBSA', 'DeepHit']",1.0,0.5705882352941176,0.65625,0.6134191176470588
DeepSurv,"['GBSA', 'NMTLR']",0.9335863377609108,0.5823529411764706,0.578125,0.5802389705882354
DeepSurv,"['GBSA', 'svm']",0.9990512333965844,0.5823529411764706,0.6640625,0.6232077205882354
DeepSurv,"['DeepSurv', 'DeepHit']",0.9136622390891841,0.6764705882352942,0.6171875,0.6468290441176471
DeepSurv,"['DeepSurv', 'NMTLR']",0.8870967741935484,0.7470588235294118,0.5078125,0.6274356617647059
DeepSurv,"['DeepSurv', 'svm']",0.8444022770398482,0.711764705882353,0.6328125,0.6722886029411765
DeepSurv,"['DeepHit', 'NMTLR']",0.07020872865275142,0.3235294117647059,0.3984375,0.3609834558823529
DeepSurv,"['DeepHit', 'svm']",0.24003795066413663,0.5117647058823529,0.453125,0.48244485294117645
DeepSurv,"['NMTLR', 'svm']",0.31688804554079697,0.611764705882353,0.546875,0.5793198529411765
DeepSurv,"['CoxPH', 'RSF', 'GBSA']",0.9127134724857685,0.6529411764705882,0.7265625,0.6897518382352941
DeepSurv,"['CoxPH', 'RSF', 'DeepSurv']",0.8292220113851992,0.6882352941176471,0.7109375,0.6995863970588235
DeepSurv,"['CoxPH', 'RSF', 'DeepHit']",0.8481973434535104,0.7058823529411765,0.71875,0.7123161764705883
DeepSurv,"['CoxPH', 'RSF', 'NMTLR']",0.5,0.6235294117647059,0.6640625,0.6437959558823529
DeepSurv,"['CoxPH', 'RSF', 'svm']",0.8036053130929791,0.7,0.734375,0.7171875
DeepSurv,"['CoxPH', 'GBSA', 'DeepSurv']",0.9648956356736242,0.5705882352941176,0.6171875,0.5938878676470588
DeepSurv,"['CoxPH', 'GBSA', 'DeepHit']",0.849146110056926,0.5352941176470588,0.5703125,0.5528033088235293
DeepSurv,"['CoxPH', 'GBSA', 'NMTLR']",0.9117647058823529,0.5705882352941176,0.6171875,0.5938878676470588
DeepSurv,"['CoxPH', 'GBSA', 'svm']",0.9060721062618596,0.5941176470588235,0.65625,0.6251838235294118
DeepSurv,"['CoxPH', 'DeepSurv', 'DeepHit']",0.2703984819734345,0.47058823529411764,0.6015625,0.5360753676470589
DeepSurv,"['CoxPH', 'DeepSurv', 'NMTLR']",0.2969639468690702,0.5,0.5234375,0.51171875
DeepSurv,"['CoxPH', 'DeepSurv', 'svm']",0.5047438330170778,0.6764705882352942,0.7265625,0.7015165441176471
DeepSurv,"['CoxPH', 'DeepHit', 'NMTLR']",0.07115749525616698,0.3411764705882353,0.3671875,0.35418198529411765
DeepSurv,"['CoxPH', 'DeepHit', 'svm']",0.2125237191650854,0.6058823529411764,0.515625,0.5607536764705883
DeepSurv,"['CoxPH', 'NMTLR', 'svm']",0.13757115749525617,0.5058823529411764,0.5078125,0.5068474264705882
DeepSurv,"['RSF', 'GBSA', 'DeepSurv']",0.9316888045540797,0.6529411764705882,0.671875,0.6624080882352941
DeepSurv,"['RSF', 'GBSA', 'DeepHit']",0.9297912713472486,0.6411764705882353,0.6953125,0.6682444852941176
DeepSurv,"['RSF', 'GBSA', 'NMTLR']",0.8776091081593927,0.6411764705882353,0.6875,0.6643382352941176
DeepSurv,"['RSF', 'GBSA', 'svm']",0.9354838709677419,0.6647058823529411,0.6953125,0.6800091911764705
DeepSurv,"['RSF', 'DeepSurv', 'DeepHit']",0.8462998102466793,0.6823529411764706,0.6796875,0.6810202205882353
DeepSurv,"['RSF', 'DeepSurv', 'NMTLR']",0.7514231499051234,0.6470588235294118,0.703125,0.6750919117647058
DeepSurv,"['RSF', 'DeepSurv', 'svm']",0.8662239089184061,0.7,0.6640625,0.68203125
DeepSurv,"['RSF', 'DeepHit', 'NMTLR']",0.8273244781783681,0.6470588235294118,0.671875,0.6594669117647058
DeepSurv,"['RSF', 'DeepHit', 'svm']",0.8700189753320683,0.6882352941176471,0.7109375,0.6995863970588235
DeepSurv,"['RSF', 'NMTLR', 'svm']",0.8453510436432637,0.6823529411764706,0.703125,0.6927389705882353
DeepSurv,"['GBSA', 'DeepSurv', 'DeepHit']",0.9601518026565465,0.5647058823529412,0.6171875,0.5909466911764706
DeepSurv,"['GBSA', 'DeepSurv', 'NMTLR']",0.8795066413662239,0.6058823529411764,0.5703125,0.5880974264705883
DeepSurv,"['GBSA', 'DeepSurv', 'svm']",0.969639468690702,0.5941176470588235,0.6953125,0.6447150735294118
DeepSurv,"['GBSA', 'DeepHit', 'NMTLR']",0.9117647058823529,0.6,0.6328125,0.61640625
DeepSurv,"['GBSA', 'DeepHit', 'svm']",0.9971537001897534,0.5941176470588235,0.65625,0.6251838235294118
DeepSurv,"['GBSA', 'NMTLR', 'svm']",0.8111954459203036,0.5823529411764706,0.609375,0.5958639705882354
DeepSurv,"['DeepSurv', 'DeepHit', 'NMTLR']",0.7476280834914611,0.5941176470588235,0.5859375,0.5900275735294118
DeepSurv,"['DeepSurv', 'DeepHit', 'svm']",0.2703984819734345,0.45294117647058824,0.53125,0.4920955882352941
DeepSurv,"['DeepSurv', 'NMTLR', 'svm']",0.896584440227704,0.7058823529411765,0.703125,0.7045036764705883
DeepSurv,"['DeepHit', 'NMTLR', 'svm']",0.8074003795066413,0.6941176470588235,0.609375,0.6517463235294118
DeepSurv,"['CoxPH', 'RSF', 'GBSA', 'DeepSurv']",0.9421252371916509,0.6352941176470588,0.6328125,0.6340533088235294
DeepSurv,"['CoxPH', 'RSF', 'GBSA', 'DeepHit']",0.8975332068311196,0.6470588235294118,0.71875,0.6829044117647058
DeepSurv,"['CoxPH', 'RSF', 'GBSA', 'NMTLR']",0.8349146110056926,0.6470588235294118,0.71875,0.6829044117647058
DeepSurv,"['CoxPH', 'RSF', 'GBSA', 'svm']",0.9070208728652751,0.6470588235294118,0.71875,0.6829044117647058
DeepSurv,"['CoxPH', 'RSF', 'DeepSurv', 'DeepHit']",0.8444022770398482,0.6882352941176471,0.671875,0.6800551470588235
DeepSurv,"['CoxPH', 'RSF', 'DeepSurv', 'NMTLR']",0.8092979127134725,0.6823529411764706,0.671875,0.6771139705882353
DeepSurv,"['CoxPH', 'RSF', 'DeepSurv', 'svm']",0.8216318785578748,0.711764705882353,0.71875,0.7152573529411765
DeepSurv,"['CoxPH', 'RSF', 'DeepHit', 'NMTLR']",0.8301707779886148,0.6941176470588235,0.71875,0.7064338235294118
DeepSurv,"['CoxPH', 'RSF', 'DeepHit', 'svm']",0.7229601518026565,0.6470588235294118,0.71875,0.6829044117647058
DeepSurv,"['CoxPH', 'RSF', 'NMTLR', 'svm']",0.7277039848197343,0.6882352941176471,0.7265625,0.7073988970588235
DeepSurv,"['CoxPH', 'GBSA', 'DeepSurv', 'DeepHit']",0.9478178368121443,0.5823529411764706,0.609375,0.5958639705882354
DeepSurv,"['CoxPH', 'GBSA', 'DeepSurv', 'NMTLR']",0.9335863377609108,0.5823529411764706,0.59375,0.5880514705882354
DeepSurv,"['CoxPH', 'GBSA', 'DeepSurv', 'svm']",0.9667931688804554,0.5764705882352941,0.640625,0.608547794117647
DeepSurv,"['CoxPH', 'GBSA', 'DeepHit', 'NMTLR']",0.9165085388994307,0.5823529411764706,0.6484375,0.6153952205882354
DeepSurv,"['CoxPH', 'GBSA', 'DeepHit', 'svm']",0.889943074003795,0.6058823529411764,0.65625,0.6310661764705883
DeepSurv,"['CoxPH', 'GBSA', 'NMTLR', 'svm']",0.881404174573055,0.5764705882352941,0.6328125,0.604641544117647
DeepSurv,"['CoxPH', 'DeepSurv', 'DeepHit', 'NMTLR']",0.24003795066413663,0.5,0.578125,0.5390625
DeepSurv,"['CoxPH', 'DeepSurv', 'DeepHit', 'svm']",0.2523719165085389,0.5941176470588235,0.59375,0.5939338235294118
DeepSurv,"['CoxPH', 'DeepSurv', 'NMTLR', 'svm']",0.5521821631878557,0.7,0.7578125,0.72890625
DeepSurv,"['CoxPH', 'DeepHit', 'NMTLR', 'svm']",0.14990512333965844,0.5352941176470588,0.4765625,0.5059283088235293
DeepSurv,"['RSF', 'GBSA', 'DeepSurv', 'DeepHit']",0.9240986717267552,0.6411764705882353,0.6328125,0.6369944852941176
DeepSurv,"['RSF', 'GBSA', 'DeepSurv', 'NMTLR']",0.8709677419354839,0.6352941176470588,0.6171875,0.6262408088235294
DeepSurv,"['RSF', 'GBSA', 'DeepSurv', 'svm']",0.9136622390891841,0.6588235294117647,0.6171875,0.6380055147058823
DeepSurv,"['RSF', 'GBSA', 'DeepHit', 'NMTLR']",0.9060721062618596,0.6529411764705882,0.6796875,0.6663143382352941
DeepSurv,"['RSF', 'GBSA', 'DeepHit', 'svm']",0.9316888045540797,0.6647058823529411,0.671875,0.6682904411764705
DeepSurv,"['RSF', 'GBSA', 'NMTLR', 'svm']",0.9079696394686907,0.6529411764705882,0.6875,0.6702205882352941
DeepSurv,"['RSF', 'DeepSurv', 'DeepHit', 'NMTLR']",0.7922201138519924,0.6647058823529411,0.6796875,0.6721966911764705
DeepSurv,"['RSF', 'DeepSurv', 'DeepHit', 'svm']",0.8652751423149905,0.711764705882353,0.625,0.6683823529411765
DeepSurv,"['RSF', 'DeepSurv', 'NMTLR', 'svm']",0.7609108159392789,0.6647058823529411,0.7109375,0.6878216911764705
DeepSurv,"['RSF', 'DeepHit', 'NMTLR', 'svm']",0.7884250474383302,0.6529411764705882,0.6953125,0.6741268382352941
DeepSurv,"['GBSA', 'DeepSurv', 'DeepHit', 'NMTLR']",0.8804554079696395,0.611764705882353,0.5703125,0.5910386029411765
DeepSurv,"['GBSA', 'DeepSurv', 'DeepHit', 'svm']",0.926944971537002,0.5941176470588235,0.6328125,0.6134650735294118
DeepSurv,"['GBSA', 'DeepSurv', 'NMTLR', 'svm']",0.9136622390891841,0.5764705882352941,0.6640625,0.620266544117647
DeepSurv,"['GBSA', 'DeepHit', 'NMTLR', 'svm']",0.8519924098671727,0.5941176470588235,0.59375,0.5939338235294118
DeepSurv,"['DeepSurv', 'DeepHit', 'NMTLR', 'svm']",0.32827324478178366,0.5941176470588235,0.609375,0.6017463235294118
DeepSurv,"['CoxPH', 'RSF', 'GBSA', 'DeepSurv', 'DeepHit']",0.8918406072106262,0.6235294117647059,0.6796875,0.6516084558823529
DeepSurv,"['CoxPH', 'RSF', 'GBSA', 'DeepSurv', 'NMTLR']",0.8842504743833017,0.6352941176470588,0.671875,0.6535845588235294
DeepSurv,"['CoxPH', 'RSF', 'GBSA', 'DeepSurv', 'svm']",0.9402277039848197,0.6352941176470588,0.6328125,0.6340533088235294
DeepSurv,"['CoxPH', 'RSF', 'GBSA', 'DeepHit', 'NMTLR']",0.7125237191650854,0.6235294117647059,0.703125,0.6633272058823529
DeepSurv,"['CoxPH', 'RSF', 'GBSA', 'DeepHit', 'svm']",0.9184060721062619,0.6352941176470588,0.734375,0.6848345588235294
DeepSurv,"['CoxPH', 'RSF', 'GBSA', 'NMTLR', 'svm']",0.793168880455408,0.6058823529411764,0.7421875,0.6740349264705883
DeepSurv,"['CoxPH', 'RSF', 'DeepSurv', 'DeepHit', 'NMTLR']",0.7647058823529411,0.6647058823529411,0.6953125,0.6800091911764705
DeepSurv,"['CoxPH', 'RSF', 'DeepSurv', 'DeepHit', 'svm']",0.8206831119544592,0.6941176470588235,0.6640625,0.6790900735294118
DeepSurv,"['CoxPH', 'RSF', 'DeepSurv', 'NMTLR', 'svm']",0.4573055028462998,0.6411764705882353,0.703125,0.6721507352941176
DeepSurv,"['CoxPH', 'RSF', 'DeepHit', 'NMTLR', 'svm']",0.7305502846299811,0.6882352941176471,0.7421875,0.7152113970588235
DeepSurv,"['CoxPH', 'GBSA', 'DeepSurv', 'DeepHit', 'NMTLR']",0.8102466793168881,0.5647058823529412,0.59375,0.5792279411764706
DeepSurv,"['CoxPH', 'GBSA', 'DeepSurv', 'DeepHit', 'svm']",0.8927893738140418,0.5882352941176471,0.640625,0.6144301470588236
DeepSurv,"['CoxPH', 'GBSA', 'DeepSurv', 'NMTLR', 'svm']",0.9079696394686907,0.5823529411764706,0.65625,0.6193014705882354
DeepSurv,"['CoxPH', 'GBSA', 'DeepHit', 'NMTLR', 'svm']",0.8956356736242884,0.5705882352941176,0.6640625,0.6173253676470588
DeepSurv,"['CoxPH', 'DeepSurv', 'DeepHit', 'NMTLR', 'svm']",0.27419354838709675,0.5411764705882353,0.6328125,0.5869944852941176
DeepSurv,"['RSF', 'GBSA', 'DeepSurv', 'DeepHit', 'NMTLR']",0.8301707779886148,0.6411764705882353,0.6640625,0.6526194852941176
DeepSurv,"['RSF', 'GBSA', 'DeepSurv', 'DeepHit', 'svm']",0.9240986717267552,0.6411764705882353,0.640625,0.6409007352941176
DeepSurv,"['RSF', 'GBSA', 'DeepSurv', 'NMTLR', 'svm']",0.8320683111954459,0.6176470588235294,0.6640625,0.6408547794117647
DeepSurv,"['RSF', 'GBSA', 'DeepHit', 'NMTLR', 'svm']",0.818785578747628,0.6352941176470588,0.65625,0.6457720588235294
DeepSurv,"['RSF', 'DeepSurv', 'DeepHit', 'NMTLR', 'svm']",0.8472485768500949,0.6823529411764706,0.703125,0.6927389705882353
DeepSurv,"['GBSA', 'DeepSurv', 'DeepHit', 'NMTLR', 'svm']",0.9582542694497154,0.5705882352941176,0.671875,0.6212316176470588
DeepSurv,"['CoxPH', 'RSF', 'GBSA', 'DeepSurv', 'DeepHit', 'NMTLR']",0.8776091081593927,0.6352941176470588,0.65625,0.6457720588235294
DeepSurv,"['CoxPH', 'RSF', 'GBSA', 'DeepSurv', 'DeepHit', 'svm']",0.9136622390891841,0.6411764705882353,0.6875,0.6643382352941176
DeepSurv,"['CoxPH', 'RSF', 'GBSA', 'DeepSurv', 'NMTLR', 'svm']",0.8975332068311196,0.6470588235294118,0.6640625,0.6555606617647058
DeepSurv,"['CoxPH', 'RSF', 'GBSA', 'DeepHit', 'NMTLR', 'svm']",0.5958254269449715,0.611764705882353,0.6875,0.6496323529411765
DeepSurv,"['CoxPH', 'RSF', 'DeepSurv', 'DeepHit', 'NMTLR', 'svm']",0.9060721062618596,0.7058823529411765,0.625,0.6654411764705883
DeepSurv,"['CoxPH', 'GBSA', 'DeepSurv', 'DeepHit', 'NMTLR', 'svm']",0.9535104364326376,0.6058823529411764,0.6015625,0.6037224264705883
DeepSurv,"['RSF', 'GBSA', 'DeepSurv', 'DeepHit', 'NMTLR', 'svm']",0.8055028462998103,0.6176470588235294,0.671875,0.6447610294117647
DeepSurv,"['CoxPH', 'RSF', 'GBSA', 'DeepSurv', 'DeepHit', 'NMTLR', 'svm']",0.9563567362428842,0.6764705882352942,0.6015625,0.6390165441176471
DeepHit,CoxPH,0.8984819734345351,0.7705882352941177,0.5,0.6352941176470588
DeepHit,RSF,0.9013282732447818,0.7294117647058823,0.6171875,0.6732996323529412
DeepHit,GBSA,0.9971537001897534,0.7411764705882353,0.6953125,0.7182444852941177
DeepHit,DeepSurv,0.8444022770398482,0.5705882352941176,0.59375,0.5821691176470588
DeepHit,DeepHit,0.9013282732447818,0.5647058823529412,0.5390625,0.5518841911764706
DeepHit,NMTLR,0.9089184060721063,0.6647058823529411,0.625,0.6448529411764705
DeepHit,svm,0.9250474383301708,0.788235294117647,0.578125,0.6831801470588235
DeepHit,"['CoxPH', 'RSF']",0.896584440227704,0.7294117647058823,0.625,0.6772058823529412
DeepHit,"['CoxPH', 'GBSA']",0.9895635673624289,0.7352941176470589,0.734375,0.7348345588235294
DeepHit,"['CoxPH', 'DeepSurv']",0.8510436432637571,0.6058823529411764,0.59375,0.5998161764705883
DeepHit,"['CoxPH', 'DeepHit']",0.16888045540796964,0.4588235294117647,0.4453125,0.4520680147058823
DeepHit,"['CoxPH', 'NMTLR']",0.18311195445920303,0.38823529411764707,0.2421875,0.3152113970588235
DeepHit,"['CoxPH', 'svm']",0.8757115749525617,0.7823529411764706,0.6171875,0.6997702205882352
DeepHit,"['RSF', 'GBSA']",0.8870967741935484,0.7352941176470589,0.609375,0.6723345588235294
DeepHit,"['RSF', 'DeepSurv']",0.8918406072106262,0.7058823529411765,0.640625,0.6732536764705883
DeepHit,"['RSF', 'DeepHit']",0.9022770398481973,0.7294117647058823,0.625,0.6772058823529412
DeepHit,"['RSF', 'NMTLR']",0.8339658444022771,0.7235294117647059,0.5859375,0.654733455882353
DeepHit,"['RSF', 'svm']",0.9022770398481973,0.7470588235294118,0.625,0.6860294117647059
DeepHit,"['GBSA', 'DeepSurv']",0.920303605313093,0.6882352941176471,0.6328125,0.6605238970588235
DeepHit,"['GBSA', 'DeepHit']",0.9411764705882353,0.7705882352941177,0.6328125,0.7017003676470588
DeepHit,"['GBSA', 'NMTLR']",0.9971537001897534,0.7411764705882353,0.703125,0.7221507352941177
DeepHit,"['GBSA', 'svm']",0.9971537001897534,0.8117647058823529,0.65625,0.7340073529411765
DeepHit,"['DeepSurv', 'DeepHit']",0.8434535104364327,0.5647058823529412,0.6015625,0.5831341911764706
DeepHit,"['DeepSurv', 'NMTLR']",0.9402277039848197,0.6352941176470588,0.65625,0.6457720588235294
DeepHit,"['DeepSurv', 'svm']",0.8681214421252372,0.7,0.6171875,0.65859375
DeepHit,"['DeepHit', 'NMTLR']",0.8510436432637571,0.5235294117647059,0.5234375,0.5234834558823529
DeepHit,"['DeepHit', 'svm']",0.9430740037950665,0.7705882352941177,0.578125,0.6743566176470588
DeepHit,"['NMTLR', 'svm']",0.7305502846299811,0.7705882352941177,0.5546875,0.6626378676470588
DeepHit,"['CoxPH', 'RSF', 'GBSA']",0.8851992409867173,0.7352941176470589,0.6171875,0.6762408088235294
DeepHit,"['CoxPH', 'RSF', 'DeepSurv']",0.8908918406072106,0.711764705882353,0.6328125,0.6722886029411765
DeepHit,"['CoxPH', 'RSF', 'DeepHit']",0.9013282732447818,0.7235294117647059,0.6328125,0.678170955882353
DeepHit,"['CoxPH', 'RSF', 'NMTLR']",0.9060721062618596,0.7294117647058823,0.625,0.6772058823529412
DeepHit,"['CoxPH', 'RSF', 'svm']",0.9022770398481973,0.7470588235294118,0.6328125,0.6899356617647059
DeepHit,"['CoxPH', 'GBSA', 'DeepSurv']",0.9193548387096774,0.6823529411764706,0.640625,0.6614889705882353
DeepHit,"['CoxPH', 'GBSA', 'DeepHit']",0.952561669829222,0.6,0.609375,0.6046875
DeepHit,"['CoxPH', 'GBSA', 'NMTLR']",0.9895635673624289,0.7235294117647059,0.75,0.736764705882353
DeepHit,"['CoxPH', 'GBSA', 'svm']",0.9857685009487666,0.7588235294117647,0.7265625,0.7426930147058823
DeepHit,"['CoxPH', 'DeepSurv', 'DeepHit']",0.8709677419354839,0.5176470588235295,0.5859375,0.5517922794117647
DeepHit,"['CoxPH', 'DeepSurv', 'NMTLR']",0.9013282732447818,0.6,0.6015625,0.60078125
DeepHit,"['CoxPH', 'DeepSurv', 'svm']",0.8529411764705882,0.7058823529411765,0.6484375,0.6771599264705883
DeepHit,"['CoxPH', 'DeepHit', 'NMTLR']",0.3700189753320683,0.45294117647058824,0.359375,0.4061580882352941
DeepHit,"['CoxPH', 'DeepHit', 'svm']",0.9146110056925996,0.6058823529411764,0.53125,0.5685661764705883
DeepHit,"['CoxPH', 'NMTLR', 'svm']",0.9117647058823529,0.7588235294117647,0.6875,0.7231617647058823
DeepHit,"['RSF', 'GBSA', 'DeepSurv']",0.8861480075901328,0.7352941176470589,0.6171875,0.6762408088235294
DeepHit,"['RSF', 'GBSA', 'DeepHit']",0.8908918406072106,0.7176470588235294,0.59375,0.6556985294117648
DeepHit,"['RSF', 'GBSA', 'NMTLR']",0.7979127134724858,0.7176470588235294,0.578125,0.6478860294117648
DeepHit,"['RSF', 'GBSA', 'svm']",0.888045540796964,0.7411764705882353,0.6171875,0.6791819852941177
DeepHit,"['RSF', 'DeepSurv', 'DeepHit']",0.8671726755218216,0.7352941176470589,0.6171875,0.6762408088235294
DeepHit,"['RSF', 'DeepSurv', 'NMTLR']",0.8709677419354839,0.7058823529411765,0.6328125,0.6693474264705883
DeepHit,"['RSF', 'DeepSurv', 'svm']",0.9022770398481973,0.7470588235294118,0.625,0.6860294117647059
DeepHit,"['RSF', 'DeepHit', 'NMTLR']",0.9022770398481973,0.6941176470588235,0.609375,0.6517463235294118
DeepHit,"['RSF', 'DeepHit', 'svm']",0.8311195445920304,0.8235294117647058,0.671875,0.7477022058823529
DeepHit,"['RSF', 'NMTLR', 'svm']",0.8548387096774194,0.7235294117647059,0.5859375,0.654733455882353
DeepHit,"['GBSA', 'DeepSurv', 'DeepHit']",0.896584440227704,0.7235294117647059,0.65625,0.689889705882353
DeepHit,"['GBSA', 'DeepSurv', 'NMTLR']",0.9573055028462998,0.6941176470588235,0.6328125,0.6634650735294118
DeepHit,"['GBSA', 'DeepSurv', 'svm']",0.9307400379506642,0.8,0.5859375,0.69296875
DeepHit,"['GBSA', 'DeepHit', 'NMTLR']",0.9278937381404174,0.5823529411764706,0.5546875,0.5685202205882354
DeepHit,"['GBSA', 'DeepHit', 'svm']",0.8984819734345351,0.8117647058823529,0.6171875,0.7144761029411765
DeepHit,"['GBSA', 'NMTLR', 'svm']",0.9876660341555977,0.8176470588235294,0.6328125,0.7252297794117647
DeepHit,"['DeepSurv', 'DeepHit', 'NMTLR']",0.8842504743833017,0.5470588235294118,0.6015625,0.5743106617647059
DeepHit,"['DeepSurv', 'DeepHit', 'svm']",0.8529411764705882,0.7411764705882353,0.6484375,0.6948069852941177
DeepHit,"['DeepSurv', 'NMTLR', 'svm']",0.8045540796963947,0.6941176470588235,0.59375,0.6439338235294118
DeepHit,"['DeepHit', 'NMTLR', 'svm']",0.872865275142315,0.7705882352941177,0.6484375,0.7095128676470588
DeepHit,"['CoxPH', 'RSF', 'GBSA', 'DeepSurv']",0.8861480075901328,0.7352941176470589,0.6171875,0.6762408088235294
DeepHit,"['CoxPH', 'RSF', 'GBSA', 'DeepHit']",0.8889943074003795,0.7294117647058823,0.6171875,0.6732996323529412
DeepHit,"['CoxPH', 'RSF', 'GBSA', 'NMTLR']",0.937381404174573,0.7352941176470589,0.65625,0.6957720588235294
DeepHit,"['CoxPH', 'RSF', 'GBSA', 'svm']",0.8908918406072106,0.7823529411764706,0.6015625,0.6919577205882352
DeepHit,"['CoxPH', 'RSF', 'DeepSurv', 'DeepHit']",0.8833017077798861,0.7176470588235294,0.6484375,0.6830422794117648
DeepHit,"['CoxPH', 'RSF', 'DeepSurv', 'NMTLR']",0.8206831119544592,0.7,0.609375,0.6546875
DeepHit,"['CoxPH', 'RSF', 'DeepSurv', 'svm']",0.8984819734345351,0.7352941176470589,0.640625,0.6879595588235294
DeepHit,"['CoxPH', 'RSF', 'DeepHit', 'NMTLR']",0.9155597722960152,0.7764705882352941,0.6875,0.731985294117647
DeepHit,"['CoxPH', 'RSF', 'DeepHit', 'svm']",0.9079696394686907,0.7588235294117647,0.625,0.6919117647058823
DeepHit,"['CoxPH', 'RSF', 'NMTLR', 'svm']",0.9184060721062619,0.7823529411764706,0.640625,0.7114889705882352
DeepHit,"['CoxPH', 'GBSA', 'DeepSurv', 'DeepHit']",0.9895635673624289,0.6941176470588235,0.6640625,0.6790900735294118
DeepHit,"['CoxPH', 'GBSA', 'DeepSurv', 'NMTLR']",0.9781783681214421,0.7,0.671875,0.6859375
DeepHit,"['CoxPH', 'GBSA', 'DeepSurv', 'svm']",0.9620493358633776,0.8117647058823529,0.6640625,0.7379136029411765
DeepHit,"['CoxPH', 'GBSA', 'DeepHit', 'NMTLR']",0.889943074003795,0.7647058823529411,0.6171875,0.6909466911764706
DeepHit,"['CoxPH', 'GBSA', 'DeepHit', 'svm']",0.9724857685009488,0.7823529411764706,0.6171875,0.6997702205882352
DeepHit,"['CoxPH', 'GBSA', 'NMTLR', 'svm']",0.9838709677419355,0.8294117647058824,0.7109375,0.7701746323529413
DeepHit,"['CoxPH', 'DeepSurv', 'DeepHit', 'NMTLR']",0.9136622390891841,0.5882352941176471,0.625,0.6066176470588236
DeepHit,"['CoxPH', 'DeepSurv', 'DeepHit', 'svm']",0.8586337760910816,0.7529411764705882,0.6328125,0.6928768382352941
DeepHit,"['CoxPH', 'DeepSurv', 'NMTLR', 'svm']",0.9184060721062619,0.7588235294117647,0.65625,0.7075367647058823
DeepHit,"['CoxPH', 'DeepHit', 'NMTLR', 'svm']",0.3235294117647059,0.7529411764705882,0.34375,0.5483455882352941
DeepHit,"['RSF', 'GBSA', 'DeepSurv', 'DeepHit']",0.8842504743833017,0.7352941176470589,0.6015625,0.6684283088235294
DeepHit,"['RSF', 'GBSA', 'DeepSurv', 'NMTLR']",0.8548387096774194,0.7,0.625,0.6625
DeepHit,"['RSF', 'GBSA', 'DeepSurv', 'svm']",0.8870967741935484,0.7411764705882353,0.609375,0.6752757352941177
DeepHit,"['RSF', 'GBSA', 'DeepHit', 'NMTLR']",0.8387096774193549,0.7294117647058823,0.6015625,0.6654871323529412
DeepHit,"['RSF', 'GBSA', 'DeepHit', 'svm']",0.8851992409867173,0.7705882352941177,0.59375,0.6821691176470588
DeepHit,"['RSF', 'GBSA', 'NMTLR', 'svm']",0.7296015180265655,0.7647058823529411,0.5546875,0.6596966911764706
DeepHit,"['RSF', 'DeepSurv', 'DeepHit', 'NMTLR']",0.9250474383301708,0.7470588235294118,0.6484375,0.6977481617647059
DeepHit,"['RSF', 'DeepSurv', 'DeepHit', 'svm']",0.8994307400379506,0.7647058823529411,0.6328125,0.6987591911764706
DeepHit,"['RSF', 'DeepSurv', 'NMTLR', 'svm']",0.888045540796964,0.7588235294117647,0.6171875,0.6880055147058823
DeepHit,"['RSF', 'DeepHit', 'NMTLR', 'svm']",0.8586337760910816,0.7352941176470589,0.578125,0.6567095588235294
DeepHit,"['GBSA', 'DeepSurv', 'DeepHit', 'NMTLR']",0.961100569259962,0.7058823529411765,0.65625,0.6810661764705883
DeepHit,"['GBSA', 'DeepSurv', 'DeepHit', 'svm']",0.9392789373814042,0.6647058823529411,0.6015625,0.6331341911764705
DeepHit,"['GBSA', 'DeepSurv', 'NMTLR', 'svm']",0.9155597722960152,0.7941176470588235,0.5859375,0.6900275735294117
DeepHit,"['GBSA', 'DeepHit', 'NMTLR', 'svm']",0.8633776091081594,0.6235294117647059,0.5078125,0.5656709558823529
DeepHit,"['DeepSurv', 'DeepHit', 'NMTLR', 'svm']",0.7580645161290323,0.8,0.640625,0.7203125
DeepHit,"['CoxPH', 'RSF', 'GBSA', 'DeepSurv', 'DeepHit']",0.8690702087286527,0.7058823529411765,0.640625,0.6732536764705883
DeepHit,"['CoxPH', 'RSF', 'GBSA', 'DeepSurv', 'NMTLR']",0.864326375711575,0.7058823529411765,0.640625,0.6732536764705883
DeepHit,"['CoxPH', 'RSF', 'GBSA', 'DeepSurv', 'svm']",0.8795066413662239,0.7411764705882353,0.640625,0.6909007352941177
DeepHit,"['CoxPH', 'RSF', 'GBSA', 'DeepHit', 'NMTLR']",0.9345351043643264,0.7411764705882353,0.6953125,0.7182444852941177
DeepHit,"['CoxPH', 'RSF', 'GBSA', 'DeepHit', 'svm']",0.8320683111954459,0.8294117647058824,0.6640625,0.7467371323529413
DeepHit,"['CoxPH', 'RSF', 'GBSA', 'NMTLR', 'svm']",0.9098671726755219,0.7647058823529411,0.6328125,0.6987591911764706
DeepHit,"['CoxPH', 'RSF', 'DeepSurv', 'DeepHit', 'NMTLR']",0.8311195445920304,0.7176470588235294,0.59375,0.6556985294117648
DeepHit,"['CoxPH', 'RSF', 'DeepSurv', 'DeepHit', 'svm']",0.8918406072106262,0.711764705882353,0.640625,0.6761948529411765
DeepHit,"['CoxPH', 'RSF', 'DeepSurv', 'NMTLR', 'svm']",0.8633776091081594,0.7470588235294118,0.6328125,0.6899356617647059
DeepHit,"['CoxPH', 'RSF', 'DeepHit', 'NMTLR', 'svm']",0.9155597722960152,0.788235294117647,0.6171875,0.7027113970588235
DeepHit,"['CoxPH', 'GBSA', 'DeepSurv', 'DeepHit', 'NMTLR']",0.9544592030360531,0.6176470588235294,0.578125,0.5978860294117647
DeepHit,"['CoxPH', 'GBSA', 'DeepSurv', 'DeepHit', 'svm']",0.9098671726755219,0.7588235294117647,0.6328125,0.6958180147058823
DeepHit,"['CoxPH', 'GBSA', 'DeepSurv', 'NMTLR', 'svm']",0.777988614800759,0.7941176470588235,0.578125,0.6861213235294117
DeepHit,"['CoxPH', 'GBSA', 'DeepHit', 'NMTLR', 'svm']",0.9383301707779886,0.8058823529411765,0.6171875,0.7115349264705882
DeepHit,"['CoxPH', 'DeepSurv', 'DeepHit', 'NMTLR', 'svm']",0.7969639468690702,0.5647058823529412,0.5546875,0.5596966911764706
DeepHit,"['RSF', 'GBSA', 'DeepSurv', 'DeepHit', 'NMTLR']",0.8804554079696395,0.6352941176470588,0.5859375,0.6106158088235294
DeepHit,"['RSF', 'GBSA', 'DeepSurv', 'DeepHit', 'svm']",0.8614800759013282,0.8,0.6328125,0.71640625
DeepHit,"['RSF', 'GBSA', 'DeepSurv', 'NMTLR', 'svm']",0.825426944971537,0.7823529411764706,0.59375,0.6880514705882352
DeepHit,"['RSF', 'GBSA', 'DeepHit', 'NMTLR', 'svm']",0.7722960151802657,0.7294117647058823,0.578125,0.6537683823529412
DeepHit,"['RSF', 'DeepSurv', 'DeepHit', 'NMTLR', 'svm']",0.9070208728652751,0.711764705882353,0.625,0.6683823529411765
DeepHit,"['GBSA', 'DeepSurv', 'DeepHit', 'NMTLR', 'svm']",0.8614800759013282,0.7411764705882353,0.578125,0.6596507352941177
DeepHit,"['CoxPH', 'RSF', 'GBSA', 'DeepSurv', 'DeepHit', 'NMTLR']",0.6963946869070209,0.6764705882352942,0.5625,0.6194852941176471
DeepHit,"['CoxPH', 'RSF', 'GBSA', 'DeepSurv', 'DeepHit', 'svm']",0.889943074003795,0.7058823529411765,0.6015625,0.6537224264705883
DeepHit,"['CoxPH', 'RSF', 'GBSA', 'DeepSurv', 'NMTLR', 'svm']",0.7884250474383302,0.7058823529411765,0.609375,0.6576286764705883
DeepHit,"['CoxPH', 'RSF', 'GBSA', 'DeepHit', 'NMTLR', 'svm']",0.8111954459203036,0.8058823529411765,0.5859375,0.6959099264705882
DeepHit,"['CoxPH', 'RSF', 'DeepSurv', 'DeepHit', 'NMTLR', 'svm']",0.8994307400379506,0.7294117647058823,0.609375,0.6693933823529412
DeepHit,"['CoxPH', 'GBSA', 'DeepSurv', 'DeepHit', 'NMTLR', 'svm']",0.9079696394686907,0.7176470588235294,0.59375,0.6556985294117648
DeepHit,"['RSF', 'GBSA', 'DeepSurv', 'DeepHit', 'NMTLR', 'svm']",0.8567362428842504,0.711764705882353,0.6328125,0.6722886029411765
DeepHit,"['CoxPH', 'RSF', 'GBSA', 'DeepSurv', 'DeepHit', 'NMTLR', 'svm']",0.8586337760910816,0.7647058823529411,0.640625,0.7026654411764706
NMTLR,CoxPH,0.9155597722960152,0.7588235294117647,0.46875,0.6137867647058823
NMTLR,RSF,0.9108159392789373,0.711764705882353,0.578125,0.6449448529411765
NMTLR,GBSA,0.9990512333965844,0.6411764705882353,0.609375,0.6252757352941176
NMTLR,DeepSurv,0.8339658444022771,0.6529411764705882,0.6953125,0.6741268382352941
NMTLR,DeepHit,0.8870967741935484,0.47058823529411764,0.5078125,0.4892003676470588
NMTLR,NMTLR,0.9449715370018975,0.5882352941176471,0.5390625,0.5636488970588236
NMTLR,svm,0.9440227703984819,0.7529411764705882,0.625,0.6889705882352941
NMTLR,"['CoxPH', 'RSF']",0.9013282732447818,0.711764705882353,0.59375,0.6527573529411765
NMTLR,"['CoxPH', 'GBSA']",0.9990512333965844,0.6352941176470588,0.6171875,0.6262408088235294
NMTLR,"['CoxPH', 'DeepSurv']",0.8273244781783681,0.5823529411764706,0.6875,0.6349264705882354
NMTLR,"['CoxPH', 'DeepHit']",0.888045540796964,0.4764705882352941,0.5078125,0.49214154411764705
NMTLR,"['CoxPH', 'NMTLR']",0.43453510436432635,0.5352941176470588,0.3203125,0.4278033088235294
NMTLR,"['CoxPH', 'svm']",0.9440227703984819,0.7529411764705882,0.625,0.6889705882352941
NMTLR,"['RSF', 'GBSA']",0.8870967741935484,0.7058823529411765,0.5859375,0.6459099264705883
NMTLR,"['RSF', 'DeepSurv']",0.9041745730550285,0.6941176470588235,0.6015625,0.6478400735294118
NMTLR,"['RSF', 'DeepHit']",0.9003795066413662,0.7235294117647059,0.625,0.674264705882353
NMTLR,"['RSF', 'NMTLR']",0.9089184060721063,0.711764705882353,0.578125,0.6449448529411765
NMTLR,"['RSF', 'svm']",0.9231499051233396,0.7411764705882353,0.578125,0.6596507352941177
NMTLR,"['GBSA', 'DeepSurv']",0.9487666034155597,0.6647058823529411,0.65625,0.6604779411764705
NMTLR,"['GBSA', 'DeepHit']",0.9952561669829222,0.6529411764705882,0.609375,0.6311580882352941
NMTLR,"['GBSA', 'NMTLR']",0.9981024667931688,0.6470588235294118,0.609375,0.6282169117647058
NMTLR,"['GBSA', 'svm']",0.9962049335863378,0.7470588235294118,0.625,0.6860294117647059
NMTLR,"['DeepSurv', 'DeepHit']",0.8586337760910816,0.6,0.6640625,0.63203125
NMTLR,"['DeepSurv', 'NMTLR']",0.8614800759013282,0.611764705882353,0.671875,0.6418198529411765
NMTLR,"['DeepSurv', 'svm']",0.8624288425047438,0.7529411764705882,0.6640625,0.7085018382352941
NMTLR,"['DeepHit', 'NMTLR']",0.9354838709677419,0.5647058823529412,0.578125,0.5714154411764706
NMTLR,"['DeepHit', 'svm']",0.9440227703984819,0.7411764705882353,0.5703125,0.6557444852941177
NMTLR,"['NMTLR', 'svm']",0.8908918406072106,0.7588235294117647,0.6015625,0.6801930147058823
NMTLR,"['CoxPH', 'RSF', 'GBSA']",0.888045540796964,0.7058823529411765,0.59375,0.6498161764705883
NMTLR,"['CoxPH', 'RSF', 'DeepSurv']",0.8823529411764706,0.7058823529411765,0.6328125,0.6693474264705883
NMTLR,"['CoxPH', 'RSF', 'DeepHit']",0.9079696394686907,0.6588235294117647,0.5703125,0.6145680147058823
NMTLR,"['CoxPH', 'RSF', 'NMTLR']",0.9022770398481973,0.711764705882353,0.59375,0.6527573529411765
NMTLR,"['CoxPH', 'RSF', 'svm']",0.9146110056925996,0.7352941176470589,0.5859375,0.6606158088235294
NMTLR,"['CoxPH', 'GBSA', 'DeepSurv']",0.8738140417457305,0.6411764705882353,0.71875,0.6799632352941176
NMTLR,"['CoxPH', 'GBSA', 'DeepHit']",0.9658444022770398,0.5823529411764706,0.578125,0.5802389705882354
NMTLR,"['CoxPH', 'GBSA', 'NMTLR']",0.48956356736242884,0.5294117647058824,0.53125,0.5303308823529411
NMTLR,"['CoxPH', 'GBSA', 'svm']",0.9933586337760911,0.7647058823529411,0.640625,0.7026654411764706
NMTLR,"['CoxPH', 'DeepSurv', 'DeepHit']",0.7827324478178368,0.6294117647058823,0.6875,0.6584558823529412
NMTLR,"['CoxPH', 'DeepSurv', 'NMTLR']",0.801707779886148,0.5588235294117647,0.6875,0.6231617647058824
NMTLR,"['CoxPH', 'DeepSurv', 'svm']",0.8984819734345351,0.7764705882352941,0.625,0.700735294117647
NMTLR,"['CoxPH', 'DeepHit', 'NMTLR']",0.22675521821631878,0.49411764705882355,0.34375,0.4189338235294118
NMTLR,"['CoxPH', 'DeepHit', 'svm']",0.9430740037950665,0.7411764705882353,0.6171875,0.6791819852941177
NMTLR,"['CoxPH', 'NMTLR', 'svm']",0.9478178368121443,0.7647058823529411,0.625,0.6948529411764706
NMTLR,"['RSF', 'GBSA', 'DeepSurv']",0.8444022770398482,0.6823529411764706,0.6015625,0.6419577205882353
NMTLR,"['RSF', 'GBSA', 'DeepHit']",0.888045540796964,0.711764705882353,0.578125,0.6449448529411765
NMTLR,"['RSF', 'GBSA', 'NMTLR']",0.8481973434535104,0.711764705882353,0.5703125,0.6410386029411765
NMTLR,"['RSF', 'GBSA', 'svm']",0.8861480075901328,0.7588235294117647,0.578125,0.6684742647058823
NMTLR,"['RSF', 'DeepSurv', 'DeepHit']",0.8870967741935484,0.7,0.625,0.6625
NMTLR,"['RSF', 'DeepSurv', 'NMTLR']",0.8425047438330171,0.6941176470588235,0.59375,0.6439338235294118
NMTLR,"['RSF', 'DeepSurv', 'svm']",0.9070208728652751,0.7294117647058823,0.6015625,0.6654871323529412
NMTLR,"['RSF', 'DeepHit', 'NMTLR']",0.9278937381404174,0.7176470588235294,0.625,0.6713235294117648
NMTLR,"['RSF', 'DeepHit', 'svm']",0.9136622390891841,0.7588235294117647,0.6015625,0.6801930147058823
NMTLR,"['RSF', 'NMTLR', 'svm']",0.920303605313093,0.7352941176470589,0.578125,0.6567095588235294
NMTLR,"['GBSA', 'DeepSurv', 'DeepHit']",0.9421252371916509,0.6529411764705882,0.6484375,0.6506893382352941
NMTLR,"['GBSA', 'DeepSurv', 'NMTLR']",0.8595825426944972,0.6411764705882353,0.6328125,0.6369944852941176
NMTLR,"['GBSA', 'DeepSurv', 'svm']",0.9184060721062619,0.7352941176470589,0.6484375,0.6918658088235294
NMTLR,"['GBSA', 'DeepHit', 'NMTLR']",0.9810246679316889,0.6647058823529411,0.5703125,0.6175091911764705
NMTLR,"['GBSA', 'DeepHit', 'svm']",0.9952561669829222,0.7352941176470589,0.609375,0.6723345588235294
NMTLR,"['GBSA', 'NMTLR', 'svm']",0.6233396584440227,0.7588235294117647,0.546875,0.6528492647058823
NMTLR,"['DeepSurv', 'DeepHit', 'NMTLR']",0.937381404174573,0.611764705882353,0.6484375,0.6301011029411765
NMTLR,"['DeepSurv', 'DeepHit', 'svm']",0.8586337760910816,0.7588235294117647,0.671875,0.7153492647058823
NMTLR,"['DeepSurv', 'NMTLR', 'svm']",0.8197343453510436,0.7705882352941177,0.6171875,0.6938878676470588
NMTLR,"['DeepHit', 'NMTLR', 'svm']",0.9629981024667932,0.7411764705882353,0.6328125,0.6869944852941177
NMTLR,"['CoxPH', 'RSF', 'GBSA', 'DeepSurv']",0.8500948766603416,0.6823529411764706,0.609375,0.6458639705882353
NMTLR,"['CoxPH', 'RSF', 'GBSA', 'DeepHit']",0.8851992409867173,0.711764705882353,0.59375,0.6527573529411765
NMTLR,"['CoxPH', 'RSF', 'GBSA', 'NMTLR']",0.9041745730550285,0.6941176470588235,0.59375,0.6439338235294118
NMTLR,"['CoxPH', 'RSF', 'GBSA', 'svm']",0.8908918406072106,0.7647058823529411,0.578125,0.6714154411764706
NMTLR,"['CoxPH', 'RSF', 'DeepSurv', 'DeepHit']",0.8956356736242884,0.7,0.6171875,0.65859375
NMTLR,"['CoxPH', 'RSF', 'DeepSurv', 'NMTLR']",0.9354838709677419,0.7176470588235294,0.6328125,0.6752297794117648
NMTLR,"['CoxPH', 'RSF', 'DeepSurv', 'svm']",0.8975332068311196,0.7529411764705882,0.59375,0.6733455882352941
NMTLR,"['CoxPH', 'RSF', 'DeepHit', 'NMTLR']",0.8918406072106262,0.711764705882353,0.5859375,0.6488511029411765
NMTLR,"['CoxPH', 'RSF', 'DeepHit', 'svm']",0.9174573055028463,0.7411764705882353,0.5859375,0.6635569852941177
NMTLR,"['CoxPH', 'RSF', 'NMTLR', 'svm']",0.8757115749525617,0.7470588235294118,0.5703125,0.6586856617647059
NMTLR,"['CoxPH', 'GBSA', 'DeepSurv', 'DeepHit']",0.8870967741935484,0.6823529411764706,0.703125,0.6927389705882353
NMTLR,"['CoxPH', 'GBSA', 'DeepSurv', 'NMTLR']",0.9544592030360531,0.6352941176470588,0.6015625,0.6184283088235294
NMTLR,"['CoxPH', 'GBSA', 'DeepSurv', 'svm']",0.8889943074003795,0.7470588235294118,0.671875,0.7094669117647059
NMTLR,"['CoxPH', 'GBSA', 'DeepHit', 'NMTLR']",0.8510436432637571,0.6058823529411764,0.53125,0.5685661764705883
NMTLR,"['CoxPH', 'GBSA', 'DeepHit', 'svm']",0.9876660341555977,0.7470588235294118,0.609375,0.6782169117647059
NMTLR,"['CoxPH', 'GBSA', 'NMTLR', 'svm']",0.9895635673624289,0.7352941176470589,0.640625,0.6879595588235294
NMTLR,"['CoxPH', 'DeepSurv', 'DeepHit', 'NMTLR']",0.889943074003795,0.5823529411764706,0.6875,0.6349264705882354
NMTLR,"['CoxPH', 'DeepSurv', 'DeepHit', 'svm']",0.8434535104364327,0.7647058823529411,0.7109375,0.7378216911764706
NMTLR,"['CoxPH', 'DeepSurv', 'NMTLR', 'svm']",0.8273244781783681,0.7823529411764706,0.6796875,0.7310202205882352
NMTLR,"['CoxPH', 'DeepHit', 'NMTLR', 'svm']",0.9459203036053131,0.7352941176470589,0.609375,0.6723345588235294
NMTLR,"['RSF', 'GBSA', 'DeepSurv', 'DeepHit']",0.881404174573055,0.7058823529411765,0.59375,0.6498161764705883
NMTLR,"['RSF', 'GBSA', 'DeepSurv', 'NMTLR']",0.8538899430740038,0.7058823529411765,0.59375,0.6498161764705883
NMTLR,"['RSF', 'GBSA', 'DeepSurv', 'svm']",0.8605313092979127,0.7352941176470589,0.578125,0.6567095588235294
NMTLR,"['RSF', 'GBSA', 'DeepHit', 'NMTLR']",0.872865275142315,0.711764705882353,0.578125,0.6449448529411765
NMTLR,"['RSF', 'GBSA', 'DeepHit', 'svm']",0.8918406072106262,0.7647058823529411,0.6015625,0.6831341911764706
NMTLR,"['RSF', 'GBSA', 'NMTLR', 'svm']",0.7808349146110057,0.7470588235294118,0.546875,0.6469669117647059
NMTLR,"['RSF', 'DeepSurv', 'DeepHit', 'NMTLR']",0.9392789373814042,0.7411764705882353,0.6875,0.7143382352941177
NMTLR,"['RSF', 'DeepSurv', 'DeepHit', 'svm']",0.905123339658444,0.7529411764705882,0.609375,0.6811580882352941
NMTLR,"['RSF', 'DeepSurv', 'NMTLR', 'svm']",0.8425047438330171,0.711764705882353,0.5703125,0.6410386029411765
NMTLR,"['RSF', 'DeepHit', 'NMTLR', 'svm']",0.9108159392789373,0.7647058823529411,0.6015625,0.6831341911764706
NMTLR,"['GBSA', 'DeepSurv', 'DeepHit', 'NMTLR']",0.8833017077798861,0.6470588235294118,0.6796875,0.6633731617647058
NMTLR,"['GBSA', 'DeepSurv', 'DeepHit', 'svm']",0.9316888045540797,0.7294117647058823,0.609375,0.6693933823529412
NMTLR,"['GBSA', 'DeepSurv', 'NMTLR', 'svm']",0.9449715370018975,0.7352941176470589,0.65625,0.6957720588235294
NMTLR,"['GBSA', 'DeepHit', 'NMTLR', 'svm']",0.9753320683111955,0.7294117647058823,0.6015625,0.6654871323529412
NMTLR,"['DeepSurv', 'DeepHit', 'NMTLR', 'svm']",0.7618595825426945,0.7470588235294118,0.59375,0.6704044117647059
NMTLR,"['CoxPH', 'RSF', 'GBSA', 'DeepSurv', 'DeepHit']",0.8595825426944972,0.7,0.6015625,0.65078125
NMTLR,"['CoxPH', 'RSF', 'GBSA', 'DeepSurv', 'NMTLR']",0.8377609108159393,0.7,0.6328125,0.66640625
NMTLR,"['CoxPH', 'RSF', 'GBSA', 'DeepSurv', 'svm']",0.8851992409867173,0.7588235294117647,0.5859375,0.6723805147058823
NMTLR,"['CoxPH', 'RSF', 'GBSA', 'DeepHit', 'NMTLR']",0.8415559772296015,0.7529411764705882,0.6328125,0.6928768382352941
NMTLR,"['CoxPH', 'RSF', 'GBSA', 'DeepHit', 'svm']",0.8889943074003795,0.7647058823529411,0.6015625,0.6831341911764706
NMTLR,"['CoxPH', 'RSF', 'GBSA', 'NMTLR', 'svm']",0.8719165085388995,0.7588235294117647,0.578125,0.6684742647058823
NMTLR,"['CoxPH', 'RSF', 'DeepSurv', 'DeepHit', 'NMTLR']",0.7817836812144212,0.6823529411764706,0.5546875,0.6185202205882353
NMTLR,"['CoxPH', 'RSF', 'DeepSurv', 'DeepHit', 'svm']",0.9193548387096774,0.7352941176470589,0.6015625,0.6684283088235294
NMTLR,"['CoxPH', 'RSF', 'DeepSurv', 'NMTLR', 'svm']",0.9354838709677419,0.7588235294117647,0.6015625,0.6801930147058823
NMTLR,"['CoxPH', 'RSF', 'DeepHit', 'NMTLR', 'svm']",0.9098671726755219,0.7529411764705882,0.578125,0.6655330882352941
NMTLR,"['CoxPH', 'GBSA', 'DeepSurv', 'DeepHit', 'NMTLR']",0.8795066413662239,0.6470588235294118,0.703125,0.6750919117647058
NMTLR,"['CoxPH', 'GBSA', 'DeepSurv', 'DeepHit', 'svm']",0.9136622390891841,0.7235294117647059,0.7109375,0.717233455882353
NMTLR,"['CoxPH', 'GBSA', 'DeepSurv', 'NMTLR', 'svm']",0.8225806451612904,0.7235294117647059,0.6796875,0.701608455882353
NMTLR,"['CoxPH', 'GBSA', 'DeepHit', 'NMTLR', 'svm']",0.9648956356736242,0.7705882352941177,0.625,0.6977941176470588
NMTLR,"['CoxPH', 'DeepSurv', 'DeepHit', 'NMTLR', 'svm']",0.889943074003795,0.711764705882353,0.59375,0.6527573529411765
NMTLR,"['RSF', 'GBSA', 'DeepSurv', 'DeepHit', 'NMTLR']",0.8311195445920304,0.6882352941176471,0.578125,0.6331801470588235
NMTLR,"['RSF', 'GBSA', 'DeepSurv', 'DeepHit', 'svm']",0.8652751423149905,0.7705882352941177,0.6171875,0.6938878676470588
NMTLR,"['RSF', 'GBSA', 'DeepSurv', 'NMTLR', 'svm']",0.8102466793168881,0.7588235294117647,0.5546875,0.6567555147058823
NMTLR,"['RSF', 'GBSA', 'DeepHit', 'NMTLR', 'svm']",0.8273244781783681,0.7705882352941177,0.578125,0.6743566176470588
NMTLR,"['RSF', 'DeepSurv', 'DeepHit', 'NMTLR', 'svm']",0.825426944971537,0.7411764705882353,0.578125,0.6596507352941177
NMTLR,"['GBSA', 'DeepSurv', 'DeepHit', 'NMTLR', 'svm']",0.8889943074003795,0.7411764705882353,0.6171875,0.6791819852941177
NMTLR,"['CoxPH', 'RSF', 'GBSA', 'DeepSurv', 'DeepHit', 'NMTLR']",0.8244781783681214,0.6764705882352942,0.625,0.6507352941176471
NMTLR,"['CoxPH', 'RSF', 'GBSA', 'DeepSurv', 'DeepHit', 'svm']",0.857685009487666,0.7647058823529411,0.609375,0.6870404411764706
NMTLR,"['CoxPH', 'RSF', 'GBSA', 'DeepSurv', 'NMTLR', 'svm']",0.8026565464895635,0.7529411764705882,0.5546875,0.6538143382352941
NMTLR,"['CoxPH', 'RSF', 'GBSA', 'DeepHit', 'NMTLR', 'svm']",0.8235294117647058,0.7705882352941177,0.609375,0.6899816176470588
NMTLR,"['CoxPH', 'RSF', 'DeepSurv', 'DeepHit', 'NMTLR', 'svm']",0.9297912713472486,0.7411764705882353,0.59375,0.6674632352941177
NMTLR,"['CoxPH', 'GBSA', 'DeepSurv', 'DeepHit', 'NMTLR', 'svm']",0.9411764705882353,0.7470588235294118,0.6171875,0.6821231617647059
NMTLR,"['RSF', 'GBSA', 'DeepSurv', 'DeepHit', 'NMTLR', 'svm']",0.8984819734345351,0.7411764705882353,0.609375,0.6752757352941177
NMTLR,"['CoxPH', 'RSF', 'GBSA', 'DeepSurv', 'DeepHit', 'NMTLR', 'svm']",0.8662239089184061,0.7705882352941177,0.5859375,0.6782628676470588
svm,CoxPH,0.9146110056925996,0.7294117647058823,0.4609375,0.5951746323529412
svm,RSF,0.9089184060721063,0.7176470588235294,0.578125,0.6478860294117648
svm,GBSA,1.0,0.6470588235294118,0.5859375,0.6164981617647058
svm,DeepSurv,0.8462998102466793,0.6352941176470588,0.5546875,0.5949908088235294
svm,DeepHit,0.8889943074003795,0.6411764705882353,0.453125,0.5471507352941176
svm,NMTLR,0.9222011385199241,0.6588235294117647,0.5859375,0.6223805147058823
svm,svm,0.926944971537002,0.8176470588235294,0.5390625,0.6783547794117647
svm,"['CoxPH', 'RSF']",0.8994307400379506,0.7058823529411765,0.609375,0.6576286764705883
svm,"['CoxPH', 'GBSA']",1.0,0.6529411764705882,0.5859375,0.6194393382352941
svm,"['CoxPH', 'DeepSurv']",0.8273244781783681,0.5529411764705883,0.59375,0.5733455882352941
svm,"['CoxPH', 'DeepHit']",0.8927893738140418,0.6529411764705882,0.453125,0.5530330882352941
svm,"['CoxPH', 'NMTLR']",0.967741935483871,0.7647058823529411,0.5390625,0.6518841911764706
svm,"['CoxPH', 'svm']",0.9174573055028463,0.8294117647058824,0.5546875,0.6920496323529413
svm,"['RSF', 'GBSA']",0.888045540796964,0.7,0.5703125,0.63515625
svm,"['RSF', 'DeepSurv']",0.8956356736242884,0.7176470588235294,0.6015625,0.6596047794117648
svm,"['RSF', 'DeepHit']",0.9070208728652751,0.711764705882353,0.5859375,0.6488511029411765
svm,"['RSF', 'NMTLR']",0.9307400379506642,0.7058823529411765,0.59375,0.6498161764705883
svm,"['RSF', 'svm']",0.9250474383301708,0.7647058823529411,0.578125,0.6714154411764706
svm,"['GBSA', 'DeepSurv']",0.9743833017077799,0.6647058823529411,0.6015625,0.6331341911764705
svm,"['GBSA', 'DeepHit']",1.0,0.6588235294117647,0.59375,0.6262867647058823
svm,"['GBSA', 'NMTLR']",1.0,0.6411764705882353,0.5859375,0.6135569852941176
svm,"['GBSA', 'svm']",0.9905123339658444,0.7588235294117647,0.5625,0.6606617647058823
svm,"['DeepSurv', 'DeepHit']",0.8406072106261859,0.6176470588235294,0.5703125,0.5939797794117647
svm,"['DeepSurv', 'NMTLR']",0.7789373814041746,0.5882352941176471,0.578125,0.5831801470588236
svm,"['DeepSurv', 'svm']",0.9013282732447818,0.8235294117647058,0.5625,0.6930147058823529
svm,"['DeepHit', 'NMTLR']",0.7172675521821632,0.6235294117647059,0.6796875,0.6516084558823529
svm,"['DeepHit', 'svm']",0.9165085388994307,0.7294117647058823,0.515625,0.6225183823529412
svm,"['NMTLR', 'svm']",0.5284629981024668,0.7294117647058823,0.4296875,0.5795496323529412
svm,"['CoxPH', 'RSF', 'GBSA']",0.8833017077798861,0.7,0.6015625,0.65078125
svm,"['CoxPH', 'RSF', 'DeepSurv']",0.8804554079696395,0.7058823529411765,0.6171875,0.6615349264705883
svm,"['CoxPH', 'RSF', 'DeepHit']",0.8994307400379506,0.7058823529411765,0.6015625,0.6537224264705883
svm,"['CoxPH', 'RSF', 'NMTLR']",0.9136622390891841,0.6882352941176471,0.6015625,0.6448988970588235
svm,"['CoxPH', 'RSF', 'svm']",0.9098671726755219,0.7705882352941177,0.5859375,0.6782628676470588
svm,"['CoxPH', 'GBSA', 'DeepSurv']",0.9497153700189753,0.6705882352941176,0.6171875,0.6438878676470587
svm,"['CoxPH', 'GBSA', 'DeepHit']",0.9990512333965844,0.6411764705882353,0.59375,0.6174632352941176
svm,"['CoxPH', 'GBSA', 'NMTLR']",0.9800759013282733,0.6647058823529411,0.59375,0.6292279411764705
svm,"['CoxPH', 'GBSA', 'svm']",0.9838709677419355,0.7823529411764706,0.5859375,0.6841452205882352
svm,"['CoxPH', 'DeepSurv', 'DeepHit']",0.8387096774193549,0.6,0.5859375,0.59296875
svm,"['CoxPH', 'DeepSurv', 'NMTLR']",0.8263757115749526,0.5411764705882353,0.59375,0.5674632352941176
svm,"['CoxPH', 'DeepSurv', 'svm']",0.8994307400379506,0.8176470588235294,0.5703125,0.6939797794117647
svm,"['CoxPH', 'DeepHit', 'NMTLR']",0.9297912713472486,0.7176470588235294,0.5234375,0.6205422794117648
svm,"['CoxPH', 'DeepHit', 'svm']",0.9402277039848197,0.8058823529411765,0.5390625,0.6724724264705882
svm,"['CoxPH', 'NMTLR', 'svm']",0.9620493358633776,0.8764705882352941,0.609375,0.7429227941176471
svm,"['RSF', 'GBSA', 'DeepSurv']",0.8681214421252372,0.6941176470588235,0.6015625,0.6478400735294118
svm,"['RSF', 'GBSA', 'DeepHit']",0.889943074003795,0.7058823529411765,0.5703125,0.6380974264705883
svm,"['RSF', 'GBSA', 'NMTLR']",0.8595825426944972,0.7058823529411765,0.5703125,0.6380974264705883
svm,"['RSF', 'GBSA', 'svm']",0.896584440227704,0.7529411764705882,0.5703125,0.6616268382352941
svm,"['RSF', 'DeepSurv', 'DeepHit']",0.8861480075901328,0.711764705882353,0.6015625,0.6566636029411765
svm,"['RSF', 'DeepSurv', 'NMTLR']",0.8652751423149905,0.6941176470588235,0.6015625,0.6478400735294118
svm,"['RSF', 'DeepSurv', 'svm']",0.9041745730550285,0.7294117647058823,0.5859375,0.6576746323529412
svm,"['RSF', 'DeepHit', 'NMTLR']",0.6802656546489564,0.611764705882353,0.421875,0.5168198529411765
svm,"['RSF', 'DeepHit', 'svm']",0.9193548387096774,0.7647058823529411,0.578125,0.6714154411764706
svm,"['RSF', 'NMTLR', 'svm']",0.8130929791271347,0.7235294117647059,0.53125,0.627389705882353
svm,"['GBSA', 'DeepSurv', 'DeepHit']",0.8937381404174574,0.611764705882353,0.7109375,0.6613511029411765
svm,"['GBSA', 'DeepSurv', 'NMTLR']",0.9705882352941176,0.6882352941176471,0.59375,0.6409926470588235
svm,"['GBSA', 'DeepSurv', 'svm']",0.9060721062618596,0.7588235294117647,0.578125,0.6684742647058823
svm,"['GBSA', 'DeepHit', 'NMTLR']",0.9345351043643264,0.6588235294117647,0.5078125,0.5833180147058823
svm,"['GBSA', 'DeepHit', 'svm']",0.9392789373814042,0.7941176470588235,0.5625,0.6783088235294117
svm,"['GBSA', 'NMTLR', 'svm']",0.9933586337760911,0.7941176470588235,0.578125,0.6861213235294117
svm,"['DeepSurv', 'DeepHit', 'NMTLR']",0.8548387096774194,0.611764705882353,0.546875,0.5793198529411765
svm,"['DeepSurv', 'DeepHit', 'svm']",0.9060721062618596,0.7588235294117647,0.5625,0.6606617647058823
svm,"['DeepSurv', 'NMTLR', 'svm']",0.8415559772296015,0.7352941176470589,0.5625,0.6488970588235294
svm,"['DeepHit', 'NMTLR', 'svm']",0.7191650853889943,0.7411764705882353,0.4453125,0.5932444852941177
svm,"['CoxPH', 'RSF', 'GBSA', 'DeepSurv']",0.8500948766603416,0.6882352941176471,0.609375,0.6488051470588235
svm,"['CoxPH', 'RSF', 'GBSA', 'DeepHit']",0.8842504743833017,0.7,0.6015625,0.65078125
svm,"['CoxPH', 'RSF', 'GBSA', 'NMTLR']",0.9022770398481973,0.6941176470588235,0.609375,0.6517463235294118
svm,"['CoxPH', 'RSF', 'GBSA', 'svm']",0.9098671726755219,0.7588235294117647,0.5859375,0.6723805147058823
svm,"['CoxPH', 'RSF', 'DeepSurv', 'DeepHit']",0.8861480075901328,0.711764705882353,0.609375,0.6605698529411765
svm,"['CoxPH', 'RSF', 'DeepSurv', 'NMTLR']",0.8719165085388995,0.7058823529411765,0.6171875,0.6615349264705883
svm,"['CoxPH', 'RSF', 'DeepSurv', 'svm']",0.9060721062618596,0.7588235294117647,0.5859375,0.6723805147058823
svm,"['CoxPH', 'RSF', 'DeepHit', 'NMTLR']",0.7941176470588235,0.6882352941176471,0.5859375,0.6370863970588235
svm,"['CoxPH', 'RSF', 'DeepHit', 'svm']",0.9003795066413662,0.7705882352941177,0.6015625,0.6860753676470588
svm,"['CoxPH', 'RSF', 'NMTLR', 'svm']",0.937381404174573,0.7529411764705882,0.6015625,0.6772518382352941
svm,"['CoxPH', 'GBSA', 'DeepSurv', 'DeepHit']",0.8624288425047438,0.611764705882353,0.6640625,0.6379136029411765
svm,"['CoxPH', 'GBSA', 'DeepSurv', 'NMTLR']",0.9402277039848197,0.6882352941176471,0.5859375,0.6370863970588235
svm,"['CoxPH', 'GBSA', 'DeepSurv', 'svm']",0.9117647058823529,0.7588235294117647,0.609375,0.6840992647058823
svm,"['CoxPH', 'GBSA', 'DeepHit', 'NMTLR']",0.9478178368121443,0.6352941176470588,0.53125,0.5832720588235294
svm,"['CoxPH', 'GBSA', 'DeepHit', 'svm']",0.9895635673624289,0.7705882352941177,0.6015625,0.6860753676470588
svm,"['CoxPH', 'GBSA', 'NMTLR', 'svm']",0.9667931688804554,0.7529411764705882,0.5703125,0.6616268382352941
svm,"['CoxPH', 'DeepSurv', 'DeepHit', 'NMTLR']",0.8263757115749526,0.5352941176470588,0.59375,0.5645220588235293
svm,"['CoxPH', 'DeepSurv', 'DeepHit', 'svm']",0.8548387096774194,0.7588235294117647,0.59375,0.6762867647058823
svm,"['CoxPH', 'DeepSurv', 'NMTLR', 'svm']",0.7628083491461101,0.7529411764705882,0.5625,0.6577205882352941
svm,"['CoxPH', 'DeepHit', 'NMTLR', 'svm']",0.9430740037950665,0.8411764705882353,0.5703125,0.7057444852941177
svm,"['RSF', 'GBSA', 'DeepSurv', 'DeepHit']",0.8519924098671727,0.6705882352941176,0.640625,0.6556066176470587
svm,"['RSF', 'GBSA', 'DeepSurv', 'NMTLR']",0.8206831119544592,0.6705882352941176,0.5859375,0.6282628676470587
svm,"['RSF', 'GBSA', 'DeepSurv', 'svm']",0.8595825426944972,0.7176470588235294,0.5859375,0.6517922794117648
svm,"['RSF', 'GBSA', 'DeepHit', 'NMTLR']",0.8368121442125237,0.6823529411764706,0.6015625,0.6419577205882353
svm,"['RSF', 'GBSA', 'DeepHit', 'svm']",0.8842504743833017,0.7294117647058823,0.6171875,0.6732996323529412
svm,"['RSF', 'GBSA', 'NMTLR', 'svm']",0.905123339658444,0.7647058823529411,0.5546875,0.6596966911764706
svm,"['RSF', 'DeepSurv', 'DeepHit', 'NMTLR']",0.9022770398481973,0.7058823529411765,0.609375,0.6576286764705883
svm,"['RSF', 'DeepSurv', 'DeepHit', 'svm']",0.8908918406072106,0.711764705882353,0.6171875,0.6644761029411765
svm,"['RSF', 'DeepSurv', 'NMTLR', 'svm']",0.9184060721062619,0.711764705882353,0.59375,0.6527573529411765
svm,"['RSF', 'DeepHit', 'NMTLR', 'svm']",0.9165085388994307,0.7470588235294118,0.5859375,0.6664981617647059
svm,"['GBSA', 'DeepSurv', 'DeepHit', 'NMTLR']",0.9459203036053131,0.7235294117647059,0.5625,0.643014705882353
svm,"['GBSA', 'DeepSurv', 'DeepHit', 'svm']",0.9184060721062619,0.7705882352941177,0.5625,0.6665441176470588
svm,"['GBSA', 'DeepSurv', 'NMTLR', 'svm']",0.9127134724857685,0.7470588235294118,0.5703125,0.6586856617647059
svm,"['GBSA', 'DeepHit', 'NMTLR', 'svm']",0.9240986717267552,0.8235294117647058,0.6484375,0.7359834558823529
svm,"['DeepSurv', 'DeepHit', 'NMTLR', 'svm']",0.9098671726755219,0.7058823529411765,0.546875,0.6263786764705883
svm,"['CoxPH', 'RSF', 'GBSA', 'DeepSurv', 'DeepHit']",0.8510436432637571,0.6823529411764706,0.6171875,0.6497702205882353
svm,"['CoxPH', 'RSF', 'GBSA', 'DeepSurv', 'NMTLR']",0.8776091081593927,0.7058823529411765,0.609375,0.6576286764705883
svm,"['CoxPH', 'RSF', 'GBSA', 'DeepSurv', 'svm']",0.8595825426944972,0.7176470588235294,0.6015625,0.6596047794117648
svm,"['CoxPH', 'RSF', 'GBSA', 'DeepHit', 'NMTLR']",0.8681214421252372,0.7058823529411765,0.5859375,0.6459099264705883
svm,"['CoxPH', 'RSF', 'GBSA', 'DeepHit', 'svm']",0.9003795066413662,0.7647058823529411,0.5859375,0.6753216911764706
svm,"['CoxPH', 'RSF', 'GBSA', 'NMTLR', 'svm']",0.9345351043643264,0.7647058823529411,0.59375,0.6792279411764706
svm,"['CoxPH', 'RSF', 'DeepSurv', 'DeepHit', 'NMTLR']",0.8396584440227703,0.6588235294117647,0.5859375,0.6223805147058823
svm,"['CoxPH', 'RSF', 'DeepSurv', 'DeepHit', 'svm']",0.9079696394686907,0.7529411764705882,0.5859375,0.6694393382352941
svm,"['CoxPH', 'RSF', 'DeepSurv', 'NMTLR', 'svm']",0.9297912713472486,0.7705882352941177,0.609375,0.6899816176470588
svm,"['CoxPH', 'RSF', 'DeepHit', 'NMTLR', 'svm']",0.9326375711574952,0.7647058823529411,0.5703125,0.6675091911764706
svm,"['CoxPH', 'GBSA', 'DeepSurv', 'DeepHit', 'NMTLR']",0.8652751423149905,0.6352941176470588,0.5859375,0.6106158088235294
svm,"['CoxPH', 'GBSA', 'DeepSurv', 'DeepHit', 'svm']",0.8889943074003795,0.7411764705882353,0.6015625,0.6713694852941177
svm,"['CoxPH', 'GBSA', 'DeepSurv', 'NMTLR', 'svm']",0.9345351043643264,0.7764705882352941,0.609375,0.692922794117647
svm,"['CoxPH', 'GBSA', 'DeepHit', 'NMTLR', 'svm']",0.9876660341555977,0.8411764705882353,0.5859375,0.7135569852941177
svm,"['CoxPH', 'DeepSurv', 'DeepHit', 'NMTLR', 'svm']",0.855787476280835,0.7647058823529411,0.578125,0.6714154411764706
svm,"['RSF', 'GBSA', 'DeepSurv', 'DeepHit', 'NMTLR']",0.8064516129032258,0.6823529411764706,0.6328125,0.6575827205882353
svm,"['RSF', 'GBSA', 'DeepSurv', 'DeepHit', 'svm']",0.849146110056926,0.6823529411764706,0.6015625,0.6419577205882353
svm,"['RSF', 'GBSA', 'DeepSurv', 'NMTLR', 'svm']",0.825426944971537,0.7058823529411765,0.5625,0.6341911764705883
svm,"['RSF', 'GBSA', 'DeepHit', 'NMTLR', 'svm']",0.8851992409867173,0.7588235294117647,0.53125,0.6450367647058823
svm,"['RSF', 'DeepSurv', 'DeepHit', 'NMTLR', 'svm']",0.8197343453510436,0.7058823529411765,0.5390625,0.6224724264705883
svm,"['GBSA', 'DeepSurv', 'DeepHit', 'NMTLR', 'svm']",0.9060721062618596,0.7176470588235294,0.6796875,0.6986672794117648
svm,"['CoxPH', 'RSF', 'GBSA', 'DeepSurv', 'DeepHit', 'NMTLR']",0.8918406072106262,0.7058823529411765,0.578125,0.6420036764705883
svm,"['CoxPH', 'RSF', 'GBSA', 'DeepSurv', 'DeepHit', 'svm']",0.8595825426944972,0.7294117647058823,0.6015625,0.6654871323529412
svm,"['CoxPH', 'RSF', 'GBSA', 'DeepSurv', 'NMTLR', 'svm']",0.8462998102466793,0.7176470588235294,0.59375,0.6556985294117648
svm,"['CoxPH', 'RSF', 'GBSA', 'DeepHit', 'NMTLR', 'svm']",0.7988614800759013,0.7176470588235294,0.5234375,0.6205422794117648
svm,"['CoxPH', 'RSF', 'DeepSurv', 'DeepHit', 'NMTLR', 'svm']",0.8975332068311196,0.7352941176470589,0.59375,0.6645220588235294
svm,"['CoxPH', 'GBSA', 'DeepSurv', 'DeepHit', 'NMTLR', 'svm']",0.881404174573055,0.7294117647058823,0.6015625,0.6654871323529412
svm,"['RSF', 'GBSA', 'DeepSurv', 'DeepHit', 'NMTLR', 'svm']",0.905123339658444,0.7058823529411765,0.6015625,0.6537224264705883
svm,"['CoxPH', 'RSF', 'GBSA', 'DeepSurv', 'DeepHit', 'NMTLR', 'svm']",0.9411764705882353,0.7352941176470589,0.6015625,0.6684283088235294
RSF,CoxPH,0.905123339658444,0.788235294117647,0.5078125,0.6480238970588235
RSF,RSF,0.896584440227704,0.788235294117647,0.65625,0.7222426470588235
RSF,GBSA,0.9971537001897534,0.7647058823529411,0.71875,0.7417279411764706
RSF,DeepSurv,0.8339658444022771,0.6411764705882353,0.5,0.5705882352941176
RSF,DeepHit,0.8956356736242884,0.6352941176470588,0.5,0.5676470588235294
RSF,NMTLR,0.9345351043643264,0.6529411764705882,0.734375,0.6936580882352941
RSF,svm,0.9364326375711575,0.7588235294117647,0.6328125,0.6958180147058823
RSF,"['CoxPH', 'RSF']",0.8927893738140418,0.788235294117647,0.6640625,0.7261488970588235
RSF,"['CoxPH', 'GBSA']",0.9971537001897534,0.7647058823529411,0.71875,0.7417279411764706
RSF,"['CoxPH', 'DeepSurv']",0.8064516129032258,0.5882352941176471,0.515625,0.5519301470588236
RSF,"['CoxPH', 'DeepHit']",0.34724857685009486,0.38235294117647056,0.4296875,0.4060202205882353
RSF,"['CoxPH', 'NMTLR']",0.9743833017077799,0.6764705882352942,0.578125,0.6272977941176471
RSF,"['CoxPH', 'svm']",0.9231499051233396,0.7588235294117647,0.6328125,0.6958180147058823
RSF,"['RSF', 'GBSA']",0.8956356736242884,0.788235294117647,0.65625,0.7222426470588235
RSF,"['RSF', 'DeepSurv']",0.8842504743833017,0.7411764705882353,0.609375,0.6752757352941177
RSF,"['RSF', 'DeepHit']",0.9022770398481973,0.7588235294117647,0.59375,0.6762867647058823
RSF,"['RSF', 'NMTLR']",0.786527514231499,0.788235294117647,0.59375,0.6909926470588235
RSF,"['RSF', 'svm']",0.9089184060721063,0.8235294117647058,0.6640625,0.7437959558823529
RSF,"['GBSA', 'DeepSurv']",0.967741935483871,0.7294117647058823,0.6328125,0.6811121323529412
RSF,"['GBSA', 'DeepHit']",0.976280834914611,0.7,0.546875,0.6234375
RSF,"['GBSA', 'NMTLR']",0.9971537001897534,0.7588235294117647,0.7109375,0.7348805147058823
RSF,"['GBSA', 'svm']",0.99146110056926,0.7705882352941177,0.65625,0.7134191176470588
RSF,"['DeepSurv', 'DeepHit']",0.816888045540797,0.611764705882353,0.5390625,0.5754136029411765
RSF,"['DeepSurv', 'NMTLR']",0.3538899430740038,0.4823529411764706,0.4296875,0.4560202205882353
RSF,"['DeepSurv', 'svm']",0.8396584440227703,0.7294117647058823,0.546875,0.6381433823529412
RSF,"['DeepHit', 'NMTLR']",0.7504743833017078,0.4588235294117647,0.671875,0.5653492647058823
RSF,"['DeepHit', 'svm']",0.6935483870967742,0.6529411764705882,0.5703125,0.6116268382352941
RSF,"['NMTLR', 'svm']",0.6129032258064516,0.7470588235294118,0.5625,0.6547794117647059
RSF,"['CoxPH', 'RSF', 'GBSA']",0.8927893738140418,0.788235294117647,0.6640625,0.7261488970588235
RSF,"['CoxPH', 'RSF', 'DeepSurv']",0.8851992409867173,0.7411764705882353,0.6328125,0.6869944852941177
RSF,"['CoxPH', 'RSF', 'DeepHit']",0.8519924098671727,0.7,0.671875,0.6859375
RSF,"['CoxPH', 'RSF', 'NMTLR']",0.857685009487666,0.788235294117647,0.625,0.7066176470588235
RSF,"['CoxPH', 'RSF', 'svm']",0.9089184060721063,0.8176470588235294,0.671875,0.7447610294117647
RSF,"['CoxPH', 'GBSA', 'DeepSurv']",0.9667931688804554,0.7294117647058823,0.6328125,0.6811121323529412
RSF,"['CoxPH', 'GBSA', 'DeepHit']",0.9117647058823529,0.5941176470588235,0.640625,0.6173713235294118
RSF,"['CoxPH', 'GBSA', 'NMTLR']",0.9971537001897534,0.7588235294117647,0.7109375,0.7348805147058823
RSF,"['CoxPH', 'GBSA', 'svm']",0.9924098671726755,0.7705882352941177,0.671875,0.7212316176470588
RSF,"['CoxPH', 'DeepSurv', 'DeepHit']",0.8197343453510436,0.6411764705882353,0.5,0.5705882352941176
RSF,"['CoxPH', 'DeepSurv', 'NMTLR']",0.5531309297912713,0.5411764705882353,0.4765625,0.5088694852941176
RSF,"['CoxPH', 'DeepSurv', 'svm']",0.8757115749525617,0.7352941176470589,0.6171875,0.6762408088235294
RSF,"['CoxPH', 'DeepHit', 'NMTLR']",0.642314990512334,0.5941176470588235,0.4296875,0.5119025735294118
RSF,"['CoxPH', 'DeepHit', 'svm']",0.6973434535104365,0.6588235294117647,0.578125,0.6184742647058823
RSF,"['CoxPH', 'NMTLR', 'svm']",0.4108159392789374,0.7176470588235294,0.4375,0.5775735294117648
RSF,"['RSF', 'GBSA', 'DeepSurv']",0.8709677419354839,0.7235294117647059,0.6171875,0.670358455882353
RSF,"['RSF', 'GBSA', 'DeepHit']",0.8937381404174574,0.788235294117647,0.671875,0.7300551470588235
RSF,"['RSF', 'GBSA', 'NMTLR']",0.8738140417457305,0.7941176470588235,0.640625,0.7173713235294117
RSF,"['RSF', 'GBSA', 'svm']",0.9041745730550285,0.8235294117647058,0.6640625,0.7437959558823529
RSF,"['RSF', 'DeepSurv', 'DeepHit']",0.896584440227704,0.7647058823529411,0.6015625,0.6831341911764706
RSF,"['RSF', 'DeepSurv', 'NMTLR']",0.928842504743833,0.7588235294117647,0.6796875,0.7192555147058823
RSF,"['RSF', 'DeepSurv', 'svm']",0.9060721062618596,0.8235294117647058,0.6640625,0.7437959558823529
RSF,"['RSF', 'DeepHit', 'NMTLR']",0.8861480075901328,0.7941176470588235,0.6484375,0.7212775735294117
RSF,"['RSF', 'DeepHit', 'svm']",0.8937381404174574,0.7647058823529411,0.6484375,0.7065716911764706
RSF,"['RSF', 'NMTLR', 'svm']",0.8842504743833017,0.8235294117647058,0.6640625,0.7437959558823529
RSF,"['GBSA', 'DeepSurv', 'DeepHit']",0.8595825426944972,0.5764705882352941,0.6484375,0.612454044117647
RSF,"['GBSA', 'DeepSurv', 'NMTLR']",0.9715370018975332,0.6882352941176471,0.65625,0.6722426470588235
RSF,"['GBSA', 'DeepSurv', 'svm']",0.8709677419354839,0.7352941176470589,0.546875,0.6410845588235294
RSF,"['GBSA', 'DeepHit', 'NMTLR']",0.8956356736242884,0.7470588235294118,0.546875,0.6469669117647059
RSF,"['GBSA', 'DeepHit', 'svm']",0.9573055028462998,0.6764705882352942,0.6875,0.6819852941176471
RSF,"['GBSA', 'NMTLR', 'svm']",0.99146110056926,0.7588235294117647,0.65625,0.7075367647058823
RSF,"['DeepSurv', 'DeepHit', 'NMTLR']",0.9098671726755219,0.5352941176470588,0.6640625,0.5996783088235293
RSF,"['DeepSurv', 'DeepHit', 'svm']",0.8738140417457305,0.7176470588235294,0.6015625,0.6596047794117648
RSF,"['DeepSurv', 'NMTLR', 'svm']",0.610056925996205,0.7529411764705882,0.5625,0.6577205882352941
RSF,"['DeepHit', 'NMTLR', 'svm']",0.7855787476280834,0.5117647058823529,0.6484375,0.5801011029411764
RSF,"['CoxPH', 'RSF', 'GBSA', 'DeepSurv']",0.8662239089184061,0.7235294117647059,0.6328125,0.678170955882353
RSF,"['CoxPH', 'RSF', 'GBSA', 'DeepHit']",0.8927893738140418,0.788235294117647,0.6640625,0.7261488970588235
RSF,"['CoxPH', 'RSF', 'GBSA', 'NMTLR']",0.9487666034155597,0.7529411764705882,0.71875,0.7358455882352941
RSF,"['CoxPH', 'RSF', 'GBSA', 'svm']",0.9108159392789373,0.8176470588235294,0.671875,0.7447610294117647
RSF,"['CoxPH', 'RSF', 'DeepSurv', 'DeepHit']",0.8624288425047438,0.7176470588235294,0.6484375,0.6830422794117648
RSF,"['CoxPH', 'RSF', 'DeepSurv', 'NMTLR']",0.8719165085388995,0.7411764705882353,0.6328125,0.6869944852941177
RSF,"['CoxPH', 'RSF', 'DeepSurv', 'svm']",0.8851992409867173,0.7764705882352941,0.640625,0.708547794117647
RSF,"['CoxPH', 'RSF', 'DeepHit', 'NMTLR']",0.6527514231499051,0.7235294117647059,0.484375,0.603952205882353
RSF,"['CoxPH', 'RSF', 'DeepHit', 'svm']",0.8842504743833017,0.7470588235294118,0.6640625,0.7055606617647059
RSF,"['CoxPH', 'RSF', 'NMTLR', 'svm']",0.926944971537002,0.8235294117647058,0.6875,0.7555147058823529
RSF,"['CoxPH', 'GBSA', 'DeepSurv', 'DeepHit']",0.9127134724857685,0.5470588235294118,0.671875,0.6094669117647059
RSF,"['CoxPH', 'GBSA', 'DeepSurv', 'NMTLR']",0.39753320683111953,0.6588235294117647,0.3828125,0.5208180147058823
RSF,"['CoxPH', 'GBSA', 'DeepSurv', 'svm']",0.9193548387096774,0.7470588235294118,0.625,0.6860294117647059
RSF,"['CoxPH', 'GBSA', 'DeepHit', 'NMTLR']",0.6223908918406073,0.7058823529411765,0.515625,0.6107536764705883
RSF,"['CoxPH', 'GBSA', 'DeepHit', 'svm']",0.7760910815939279,0.5823529411764706,0.5234375,0.5528952205882354
RSF,"['CoxPH', 'GBSA', 'NMTLR', 'svm']",0.7618595825426945,0.7470588235294118,0.6484375,0.6977481617647059
RSF,"['CoxPH', 'DeepSurv', 'DeepHit', 'NMTLR']",0.3206831119544592,0.5,0.46875,0.484375
RSF,"['CoxPH', 'DeepSurv', 'DeepHit', 'svm']",0.5967741935483871,0.5470588235294118,0.640625,0.5938419117647059
RSF,"['CoxPH', 'DeepSurv', 'NMTLR', 'svm']",0.28178368121442127,0.5705882352941176,0.4140625,0.4923253676470588
RSF,"['CoxPH', 'DeepHit', 'NMTLR', 'svm']",0.8301707779886148,0.5941176470588235,0.6171875,0.6056525735294118
RSF,"['RSF', 'GBSA', 'DeepSurv', 'DeepHit']",0.8538899430740038,0.7176470588235294,0.640625,0.6791360294117648
RSF,"['RSF', 'GBSA', 'DeepSurv', 'NMTLR']",0.7172675521821632,0.711764705882353,0.53125,0.6215073529411765
RSF,"['RSF', 'GBSA', 'DeepSurv', 'svm']",0.8889943074003795,0.7941176470588235,0.625,0.7095588235294117
RSF,"['RSF', 'GBSA', 'DeepHit', 'NMTLR']",0.9250474383301708,0.6705882352941176,0.71875,0.6946691176470587
RSF,"['RSF', 'GBSA', 'DeepHit', 'svm']",0.9060721062618596,0.8117647058823529,0.6484375,0.7301011029411765
RSF,"['RSF', 'GBSA', 'NMTLR', 'svm']",0.864326375711575,0.8117647058823529,0.6484375,0.7301011029411765
RSF,"['RSF', 'DeepSurv', 'DeepHit', 'NMTLR']",0.8064516129032258,0.7352941176470589,0.65625,0.6957720588235294
RSF,"['RSF', 'DeepSurv', 'DeepHit', 'svm']",0.8481973434535104,0.6882352941176471,0.671875,0.6800551470588235
RSF,"['RSF', 'DeepSurv', 'NMTLR', 'svm']",0.650853889943074,0.7176470588235294,0.5234375,0.6205422794117648
RSF,"['RSF', 'DeepHit', 'NMTLR', 'svm']",0.857685009487666,0.8,0.6328125,0.71640625
RSF,"['GBSA', 'DeepSurv', 'DeepHit', 'NMTLR']",0.8614800759013282,0.6588235294117647,0.5078125,0.5833180147058823
RSF,"['GBSA', 'DeepSurv', 'DeepHit', 'svm']",0.8795066413662239,0.7,0.609375,0.6546875
RSF,"['GBSA', 'DeepSurv', 'NMTLR', 'svm']",0.6309297912713473,0.7235294117647059,0.5,0.611764705882353
RSF,"['GBSA', 'DeepHit', 'NMTLR', 'svm']",0.937381404174573,0.7588235294117647,0.6484375,0.7036305147058823
RSF,"['DeepSurv', 'DeepHit', 'NMTLR', 'svm']",0.6081593927893738,0.5882352941176471,0.5859375,0.5870863970588236
RSF,"['CoxPH', 'RSF', 'GBSA', 'DeepSurv', 'DeepHit']",0.8358633776091081,0.7176470588235294,0.625,0.6713235294117648
RSF,"['CoxPH', 'RSF', 'GBSA', 'DeepSurv', 'NMTLR']",0.888045540796964,0.7647058823529411,0.6484375,0.7065716911764706
RSF,"['CoxPH', 'RSF', 'GBSA', 'DeepSurv', 'svm']",0.849146110056926,0.7294117647058823,0.6328125,0.6811121323529412
RSF,"['CoxPH', 'RSF', 'GBSA', 'DeepHit', 'NMTLR']",0.8102466793168881,0.7529411764705882,0.6640625,0.7085018382352941
RSF,"['CoxPH', 'RSF', 'GBSA', 'DeepHit', 'svm']",0.9089184060721063,0.8235294117647058,0.6640625,0.7437959558823529
RSF,"['CoxPH', 'RSF', 'GBSA', 'NMTLR', 'svm']",0.9487666034155597,0.7764705882352941,0.703125,0.739797794117647
RSF,"['CoxPH', 'RSF', 'DeepSurv', 'DeepHit', 'NMTLR']",0.8510436432637571,0.7352941176470589,0.6328125,0.6840533088235294
RSF,"['CoxPH', 'RSF', 'DeepSurv', 'DeepHit', 'svm']",0.8519924098671727,0.711764705882353,0.6640625,0.6879136029411765
RSF,"['CoxPH', 'RSF', 'DeepSurv', 'NMTLR', 'svm']",0.9278937381404174,0.7529411764705882,0.6796875,0.7163143382352941
RSF,"['CoxPH', 'RSF', 'DeepHit', 'NMTLR', 'svm']",0.47438330170777987,0.6882352941176471,0.515625,0.6019301470588235
RSF,"['CoxPH', 'GBSA', 'DeepSurv', 'DeepHit', 'NMTLR']",0.961100569259962,0.6176470588235294,0.671875,0.6447610294117647
RSF,"['CoxPH', 'GBSA', 'DeepSurv', 'DeepHit', 'svm']",0.8425047438330171,0.6764705882352942,0.6171875,0.6468290441176471
RSF,"['CoxPH', 'GBSA', 'DeepSurv', 'NMTLR', 'svm']",0.969639468690702,0.7647058823529411,0.6484375,0.7065716911764706
RSF,"['CoxPH', 'GBSA', 'DeepHit', 'NMTLR', 'svm']",0.8605313092979127,0.6352941176470588,0.640625,0.6379595588235294
RSF,"['CoxPH', 'DeepSurv', 'DeepHit', 'NMTLR', 'svm']",0.4174573055028463,0.6352941176470588,0.5703125,0.6028033088235294
RSF,"['RSF', 'GBSA', 'DeepSurv', 'DeepHit', 'NMTLR']",0.9022770398481973,0.7294117647058823,0.6796875,0.7045496323529412
RSF,"['RSF', 'GBSA', 'DeepSurv', 'DeepHit', 'svm']",0.857685009487666,0.7529411764705882,0.6328125,0.6928768382352941
RSF,"['RSF', 'GBSA', 'DeepSurv', 'NMTLR', 'svm']",0.8823529411764706,0.7294117647058823,0.6171875,0.6732996323529412
RSF,"['RSF', 'GBSA', 'DeepHit', 'NMTLR', 'svm']",0.8092979127134725,0.7823529411764706,0.640625,0.7114889705882352
RSF,"['RSF', 'DeepSurv', 'DeepHit', 'NMTLR', 'svm']",0.8377609108159393,0.7411764705882353,0.640625,0.6909007352941177
RSF,"['GBSA', 'DeepSurv', 'DeepHit', 'NMTLR', 'svm']",0.4971537001897533,0.6705882352941176,0.4609375,0.5657628676470587
RSF,"['CoxPH', 'RSF', 'GBSA', 'DeepSurv', 'DeepHit', 'NMTLR']",0.8510436432637571,0.7470588235294118,0.6484375,0.6977481617647059
RSF,"['CoxPH', 'RSF', 'GBSA', 'DeepSurv', 'DeepHit', 'svm']",0.8330170777988615,0.6882352941176471,0.6796875,0.6839613970588235
RSF,"['CoxPH', 'RSF', 'GBSA', 'DeepSurv', 'NMTLR', 'svm']",0.9497153700189753,0.7941176470588235,0.6953125,0.7447150735294117
RSF,"['CoxPH', 'RSF', 'GBSA', 'DeepHit', 'NMTLR', 'svm']",0.8595825426944972,0.7529411764705882,0.671875,0.7124080882352941
RSF,"['CoxPH', 'RSF', 'DeepSurv', 'DeepHit', 'NMTLR', 'svm']",0.7590132827324478,0.6941176470588235,0.6484375,0.6712775735294118
RSF,"['CoxPH', 'GBSA', 'DeepSurv', 'DeepHit', 'NMTLR', 'svm']",0.9667931688804554,0.7764705882352941,0.6328125,0.704641544117647
RSF,"['RSF', 'GBSA', 'DeepSurv', 'DeepHit', 'NMTLR', 'svm']",0.8747628083491461,0.6764705882352942,0.6640625,0.6702665441176471
RSF,"['CoxPH', 'RSF', 'GBSA', 'DeepSurv', 'DeepHit', 'NMTLR', 'svm']",0.8358633776091081,0.788235294117647,0.6171875,0.7027113970588235
GBSA,CoxPH,0.8842504743833017,0.8235294117647058,0.5,0.6617647058823529
GBSA,RSF,0.9146110056925996,0.7352941176470589,0.6640625,0.6996783088235294
GBSA,GBSA,0.9952561669829222,0.8235294117647058,0.734375,0.7789522058823529
GBSA,DeepSurv,0.8102466793168881,0.7411764705882353,0.671875,0.7065257352941177
GBSA,DeepHit,0.8927893738140418,0.6941176470588235,0.609375,0.6517463235294118
GBSA,NMTLR,0.967741935483871,0.6558823529411765,0.5625,0.6091911764705882
GBSA,svm,0.9193548387096774,0.7470588235294118,0.59375,0.6704044117647059
GBSA,"['CoxPH', 'RSF']",0.9079696394686907,0.7294117647058823,0.671875,0.7006433823529412
GBSA,"['CoxPH', 'GBSA']",0.9848197343453511,0.8235294117647058,0.765625,0.7945772058823529
GBSA,"['CoxPH', 'DeepSurv']",0.793168880455408,0.7411764705882353,0.6640625,0.7026194852941177
GBSA,"['CoxPH', 'DeepHit']",0.8994307400379506,0.6941176470588235,0.609375,0.6517463235294118
GBSA,"['CoxPH', 'NMTLR']",0.13946869070208728,0.3588235294117647,0.4765625,0.4176930147058824
GBSA,"['CoxPH', 'svm']",0.8681214421252372,0.7411764705882353,0.625,0.6830882352941177
GBSA,"['RSF', 'GBSA']",0.9658444022770398,0.7470588235294118,0.6875,0.7172794117647059
GBSA,"['RSF', 'DeepSurv']",0.8889943074003795,0.7352941176470589,0.671875,0.7035845588235294
GBSA,"['RSF', 'DeepHit']",0.8235294117647058,0.7176470588235294,0.65625,0.6869485294117648
GBSA,"['RSF', 'NMTLR']",0.9003795066413662,0.7235294117647059,0.65625,0.689889705882353
GBSA,"['RSF', 'svm']",0.9174573055028463,0.7411764705882353,0.640625,0.6909007352941177
GBSA,"['GBSA', 'DeepSurv']",0.9108159392789373,0.8058823529411765,0.75,0.7779411764705882
GBSA,"['GBSA', 'DeepHit']",0.9905123339658444,0.8058823529411765,0.75,0.7779411764705882
GBSA,"['GBSA', 'NMTLR']",0.9316888045540797,0.7529411764705882,0.6640625,0.7085018382352941
GBSA,"['GBSA', 'svm']",0.99146110056926,0.8,0.71875,0.759375
GBSA,"['DeepSurv', 'DeepHit']",0.8462998102466793,0.7058823529411765,0.6640625,0.6849724264705883
GBSA,"['DeepSurv', 'NMTLR']",0.35009487666034156,0.6294117647058823,0.5546875,0.5920496323529412
GBSA,"['DeepSurv', 'svm']",0.8339658444022771,0.7352941176470589,0.6015625,0.6684283088235294
GBSA,"['DeepHit', 'NMTLR']",0.0683111954459203,0.28823529411764703,0.3984375,0.3433363970588235
GBSA,"['DeepHit', 'svm']",0.7381404174573055,0.6882352941176471,0.484375,0.5863051470588235
GBSA,"['NMTLR', 'svm']",0.25521821631878555,0.5823529411764706,0.4609375,0.5216452205882354
GBSA,"['CoxPH', 'RSF', 'GBSA']",0.9658444022770398,0.7529411764705882,0.6953125,0.7241268382352941
GBSA,"['CoxPH', 'RSF', 'DeepSurv']",0.8785578747628083,0.7352941176470589,0.6796875,0.7074908088235294
GBSA,"['CoxPH', 'RSF', 'DeepHit']",0.7571157495256167,0.711764705882353,0.6796875,0.6957261029411765
GBSA,"['CoxPH', 'RSF', 'NMTLR']",0.6138519924098672,0.6647058823529411,0.625,0.6448529411764705
GBSA,"['CoxPH', 'RSF', 'svm']",0.9127134724857685,0.7411764705882353,0.65625,0.6987132352941177
GBSA,"['CoxPH', 'GBSA', 'DeepSurv']",0.9715370018975332,0.8,0.7578125,0.77890625
GBSA,"['CoxPH', 'GBSA', 'DeepHit']",0.8500948766603416,0.6882352941176471,0.515625,0.6019301470588235
GBSA,"['CoxPH', 'GBSA', 'NMTLR']",0.8870967741935484,0.7529411764705882,0.6484375,0.7006893382352941
GBSA,"['CoxPH', 'GBSA', 'svm']",0.9838709677419355,0.8058823529411765,0.7265625,0.7662224264705882
GBSA,"['CoxPH', 'DeepSurv', 'DeepHit']",0.8652751423149905,0.711764705882353,0.6640625,0.6879136029411765
GBSA,"['CoxPH', 'DeepSurv', 'NMTLR']",0.5379506641366224,0.6647058823529411,0.578125,0.6214154411764705
GBSA,"['CoxPH', 'DeepSurv', 'svm']",0.8178368121442126,0.7352941176470589,0.609375,0.6723345588235294
GBSA,"['CoxPH', 'DeepHit', 'NMTLR']",0.10246679316888045,0.28823529411764703,0.3828125,0.3355238970588235
GBSA,"['CoxPH', 'DeepHit', 'svm']",0.42125237191650855,0.5176470588235295,0.3359375,0.42679227941176473
GBSA,"['CoxPH', 'NMTLR', 'svm']",0.27229601518026564,0.5882352941176471,0.4609375,0.5245863970588236
GBSA,"['RSF', 'GBSA', 'DeepSurv']",0.9497153700189753,0.7529411764705882,0.6875,0.7202205882352941
GBSA,"['RSF', 'GBSA', 'DeepHit']",0.9487666034155597,0.7529411764705882,0.71875,0.7358455882352941
GBSA,"['RSF', 'GBSA', 'NMTLR']",0.818785578747628,0.7,0.6796875,0.68984375
GBSA,"['RSF', 'GBSA', 'svm']",0.967741935483871,0.7823529411764706,0.671875,0.7271139705882352
GBSA,"['RSF', 'DeepSurv', 'DeepHit']",0.8311195445920304,0.7235294117647059,0.6953125,0.709420955882353
GBSA,"['RSF', 'DeepSurv', 'NMTLR']",0.9383301707779886,0.7588235294117647,0.6796875,0.7192555147058823
GBSA,"['RSF', 'DeepSurv', 'svm']",0.8975332068311196,0.7352941176470589,0.6484375,0.6918658088235294
GBSA,"['RSF', 'DeepHit', 'NMTLR']",0.9316888045540797,0.7352941176470589,0.6640625,0.6996783088235294
GBSA,"['RSF', 'DeepHit', 'svm']",0.9070208728652751,0.7352941176470589,0.671875,0.7035845588235294
GBSA,"['RSF', 'NMTLR', 'svm']",0.5426944971537002,0.6588235294117647,0.5546875,0.6067555147058823
GBSA,"['GBSA', 'DeepSurv', 'DeepHit']",0.8984819734345351,0.7705882352941177,0.6171875,0.6938878676470588
GBSA,"['GBSA', 'DeepSurv', 'NMTLR']",0.9810246679316889,0.7470588235294118,0.7265625,0.7368106617647059
GBSA,"['GBSA', 'DeepSurv', 'svm']",0.9639468690702088,0.7941176470588235,0.734375,0.7642463235294117
GBSA,"['GBSA', 'DeepHit', 'NMTLR']",0.9497153700189753,0.7705882352941177,0.671875,0.7212316176470588
GBSA,"['GBSA', 'DeepHit', 'svm']",0.9146110056925996,0.7705882352941177,0.625,0.6977941176470588
GBSA,"['GBSA', 'NMTLR', 'svm']",0.9943074003795066,0.8294117647058824,0.7109375,0.7701746323529413
GBSA,"['DeepSurv', 'DeepHit', 'NMTLR']",0.8690702087286527,0.7294117647058823,0.6953125,0.7123621323529412
GBSA,"['DeepSurv', 'DeepHit', 'svm']",0.4667931688804554,0.5588235294117647,0.3203125,0.43956801470588236
GBSA,"['DeepSurv', 'NMTLR', 'svm']",0.7447817836812144,0.6764705882352942,0.578125,0.6272977941176471
GBSA,"['DeepHit', 'NMTLR', 'svm']",0.22485768500948766,0.5,0.3125,0.40625
GBSA,"['CoxPH', 'RSF', 'GBSA', 'DeepSurv']",0.9535104364326376,0.7647058823529411,0.734375,0.7495404411764706
GBSA,"['CoxPH', 'RSF', 'GBSA', 'DeepHit']",0.9658444022770398,0.7529411764705882,0.6875,0.7202205882352941
GBSA,"['CoxPH', 'RSF', 'GBSA', 'NMTLR']",0.9354838709677419,0.7470588235294118,0.703125,0.7250919117647059
GBSA,"['CoxPH', 'RSF', 'GBSA', 'svm']",0.967741935483871,0.7705882352941177,0.703125,0.7368566176470588
GBSA,"['CoxPH', 'RSF', 'DeepSurv', 'DeepHit']",0.8481973434535104,0.7235294117647059,0.703125,0.713327205882353
GBSA,"['CoxPH', 'RSF', 'DeepSurv', 'NMTLR']",0.8244781783681214,0.7176470588235294,0.6796875,0.6986672794117648
GBSA,"['CoxPH', 'RSF', 'DeepSurv', 'svm']",0.8889943074003795,0.7294117647058823,0.671875,0.7006433823529412
GBSA,"['CoxPH', 'RSF', 'DeepHit', 'NMTLR']",0.5531309297912713,0.6647058823529411,0.5703125,0.6175091911764705
GBSA,"['CoxPH', 'RSF', 'DeepHit', 'svm']",0.7922201138519924,0.7176470588235294,0.625,0.6713235294117648
GBSA,"['CoxPH', 'RSF', 'NMTLR', 'svm']",0.9364326375711575,0.7411764705882353,0.671875,0.7065257352941177
GBSA,"['CoxPH', 'GBSA', 'DeepSurv', 'DeepHit']",0.8956356736242884,0.788235294117647,0.7421875,0.7652113970588235
GBSA,"['CoxPH', 'GBSA', 'DeepSurv', 'NMTLR']",0.8633776091081594,0.7411764705882353,0.7265625,0.7338694852941177
GBSA,"['CoxPH', 'GBSA', 'DeepSurv', 'svm']",0.9506641366223909,0.8,0.765625,0.7828125
GBSA,"['CoxPH', 'GBSA', 'DeepHit', 'NMTLR']",0.9620493358633776,0.7941176470588235,0.7421875,0.7681525735294117
GBSA,"['CoxPH', 'GBSA', 'DeepHit', 'svm']",0.8586337760910816,0.7058823529411765,0.5234375,0.6146599264705883
GBSA,"['CoxPH', 'GBSA', 'NMTLR', 'svm']",0.8633776091081594,0.7235294117647059,0.671875,0.697702205882353
GBSA,"['CoxPH', 'DeepSurv', 'DeepHit', 'NMTLR']",0.8851992409867173,0.7470588235294118,0.703125,0.7250919117647059
GBSA,"['CoxPH', 'DeepSurv', 'DeepHit', 'svm']",0.6764705882352942,0.6647058823529411,0.5,0.5823529411764705
GBSA,"['CoxPH', 'DeepSurv', 'NMTLR', 'svm']",0.29316888045540795,0.6176470588235294,0.5,0.5588235294117647
GBSA,"['CoxPH', 'DeepHit', 'NMTLR', 'svm']",0.36432637571157495,0.6,0.4921875,0.54609375
GBSA,"['RSF', 'GBSA', 'DeepSurv', 'DeepHit']",0.896584440227704,0.7352941176470589,0.7265625,0.7309283088235294
GBSA,"['RSF', 'GBSA', 'DeepSurv', 'NMTLR']",0.9440227703984819,0.7647058823529411,0.6875,0.7261029411764706
GBSA,"['RSF', 'GBSA', 'DeepSurv', 'svm']",0.9667931688804554,0.7647058823529411,0.6796875,0.7221966911764706
GBSA,"['RSF', 'GBSA', 'DeepHit', 'NMTLR']",0.8330170777988615,0.7,0.6875,0.69375
GBSA,"['RSF', 'GBSA', 'DeepHit', 'svm']",0.9582542694497154,0.7764705882352941,0.7109375,0.743704044117647
GBSA,"['RSF', 'GBSA', 'NMTLR', 'svm']",0.5759013282732448,0.7058823529411765,0.5859375,0.6459099264705883
GBSA,"['RSF', 'DeepSurv', 'DeepHit', 'NMTLR']",0.4971537001897533,0.6823529411764706,0.5546875,0.6185202205882353
GBSA,"['RSF', 'DeepSurv', 'DeepHit', 'svm']",0.8415559772296015,0.7235294117647059,0.6015625,0.662545955882353
GBSA,"['RSF', 'DeepSurv', 'NMTLR', 'svm']",0.43453510436432635,0.6764705882352942,0.546875,0.6116727941176471
GBSA,"['RSF', 'DeepHit', 'NMTLR', 'svm']",0.7466793168880456,0.6941176470588235,0.625,0.6595588235294118
GBSA,"['GBSA', 'DeepSurv', 'DeepHit', 'NMTLR']",0.8908918406072106,0.7411764705882353,0.75,0.7455882352941177
GBSA,"['GBSA', 'DeepSurv', 'DeepHit', 'svm']",0.9601518026565465,0.788235294117647,0.71875,0.7534926470588235
GBSA,"['GBSA', 'DeepSurv', 'NMTLR', 'svm']",0.8140417457305503,0.711764705882353,0.6484375,0.6801011029411765
GBSA,"['GBSA', 'DeepHit', 'NMTLR', 'svm']",0.9573055028462998,0.7588235294117647,0.6171875,0.6880055147058823
GBSA,"['DeepSurv', 'DeepHit', 'NMTLR', 'svm']",0.3216318785578748,0.5235294117647059,0.40625,0.46488970588235295
GBSA,"['CoxPH', 'RSF', 'GBSA', 'DeepSurv', 'DeepHit']",0.9108159392789373,0.7588235294117647,0.75,0.7544117647058823
GBSA,"['CoxPH', 'RSF', 'GBSA', 'DeepSurv', 'NMTLR']",0.8614800759013282,0.7235294117647059,0.7265625,0.725045955882353
GBSA,"['CoxPH', 'RSF', 'GBSA', 'DeepSurv', 'svm']",0.9250474383301708,0.7823529411764706,0.703125,0.7427389705882352
GBSA,"['CoxPH', 'RSF', 'GBSA', 'DeepHit', 'NMTLR']",0.9468690702087287,0.7647058823529411,0.7421875,0.7534466911764706
GBSA,"['CoxPH', 'RSF', 'GBSA', 'DeepHit', 'svm']",0.9639468690702088,0.7705882352941177,0.71875,0.7446691176470588
GBSA,"['CoxPH', 'RSF', 'GBSA', 'NMTLR', 'svm']",0.8633776091081594,0.7235294117647059,0.7109375,0.717233455882353
GBSA,"['CoxPH', 'RSF', 'DeepSurv', 'DeepHit', 'NMTLR']",0.7058823529411765,0.6764705882352942,0.671875,0.6741727941176471
GBSA,"['CoxPH', 'RSF', 'DeepSurv', 'DeepHit', 'svm']",0.8548387096774194,0.7235294117647059,0.59375,0.658639705882353
GBSA,"['CoxPH', 'RSF', 'DeepSurv', 'NMTLR', 'svm']",0.6091081593927894,0.6705882352941176,0.6328125,0.6517003676470587
GBSA,"['CoxPH', 'RSF', 'DeepHit', 'NMTLR', 'svm']",0.8614800759013282,0.7235294117647059,0.671875,0.697702205882353
GBSA,"['CoxPH', 'GBSA', 'DeepSurv', 'DeepHit', 'NMTLR']",0.452561669829222,0.611764705882353,0.390625,0.5011948529411765
GBSA,"['CoxPH', 'GBSA', 'DeepSurv', 'DeepHit', 'svm']",0.8946869070208728,0.7823529411764706,0.7265625,0.7544577205882352
GBSA,"['CoxPH', 'GBSA', 'DeepSurv', 'NMTLR', 'svm']",0.9392789373814042,0.7823529411764706,0.734375,0.7583639705882352
GBSA,"['CoxPH', 'GBSA', 'DeepHit', 'NMTLR', 'svm']",0.681214421252372,0.7235294117647059,0.5625,0.643014705882353
GBSA,"['CoxPH', 'DeepSurv', 'DeepHit', 'NMTLR', 'svm']",0.24857685009487665,0.5470588235294118,0.515625,0.5313419117647059
GBSA,"['RSF', 'GBSA', 'DeepSurv', 'DeepHit', 'NMTLR']",0.9098671726755219,0.7588235294117647,0.7578125,0.7583180147058823
GBSA,"['RSF', 'GBSA', 'DeepSurv', 'DeepHit', 'svm']",0.9497153700189753,0.7705882352941177,0.6796875,0.7251378676470588
GBSA,"['RSF', 'GBSA', 'DeepSurv', 'NMTLR', 'svm']",0.8074003795066413,0.711764705882353,0.640625,0.6761948529411765
GBSA,"['RSF', 'GBSA', 'DeepHit', 'NMTLR', 'svm']",0.7922201138519924,0.6941176470588235,0.65625,0.6751838235294118
GBSA,"['RSF', 'DeepSurv', 'DeepHit', 'NMTLR', 'svm']",0.9421252371916509,0.788235294117647,0.71875,0.7534926470588235
GBSA,"['GBSA', 'DeepSurv', 'DeepHit', 'NMTLR', 'svm']",0.9715370018975332,0.8294117647058824,0.7109375,0.7701746323529413
GBSA,"['CoxPH', 'RSF', 'GBSA', 'DeepSurv', 'DeepHit', 'NMTLR']",0.9136622390891841,0.7647058823529411,0.703125,0.7339154411764706
GBSA,"['CoxPH', 'RSF', 'GBSA', 'DeepSurv', 'DeepHit', 'svm']",0.9117647058823529,0.7823529411764706,0.7578125,0.7700827205882352
GBSA,"['CoxPH', 'RSF', 'GBSA', 'DeepSurv', 'NMTLR', 'svm']",0.8510436432637571,0.7294117647058823,0.7109375,0.7201746323529412
GBSA,"['CoxPH', 'RSF', 'GBSA', 'DeepHit', 'NMTLR', 'svm']",0.9402277039848197,0.7529411764705882,0.7109375,0.7319393382352941
GBSA,"['CoxPH', 'RSF', 'DeepSurv', 'DeepHit', 'NMTLR', 'svm']",0.7229601518026565,0.6882352941176471,0.6640625,0.6761488970588235
GBSA,"['CoxPH', 'GBSA', 'DeepSurv', 'DeepHit', 'NMTLR', 'svm']",0.8007590132827325,0.7235294117647059,0.703125,0.713327205882353
GBSA,"['RSF', 'GBSA', 'DeepSurv', 'DeepHit', 'NMTLR', 'svm']",0.8349146110056926,0.7235294117647059,0.734375,0.728952205882353
GBSA,"['CoxPH', 'RSF', 'GBSA', 'DeepSurv', 'DeepHit', 'NMTLR', 'svm']",0.888045540796964,0.7588235294117647,0.6953125,0.7270680147058823
